{
	"format_version": "1.8.0",
	"animations": {
		"animation.dragalge.water_idle": {
			"loop": true,
			"bones": {
				"body": {
					"rotation": [22.5, 0, 0]
				},
				"torso": {
					"rotation": [5, 0, 0]
				},
				"neck": {
					"rotation": [27.5, 0, 0]
				},
				"head": {
					"rotation": [-37.5, 0, 0]
				},
				"left_ear": {
					"rotation": [-15, 6, -13]
				},
				"left_ear_attenna": {
					"rotation": [7.5, 0, 0]
				},
				"right_ear": {
					"rotation": [-15, -6, 13]
				},
				"right_ear_attenna": {
					"rotation": [7.5, 0, 0]
				},
				"butt_bend": {
					"rotation": [5, 0, 0]
				},
				"tail": {
					"rotation": [-55, 0, 0]
				},
				"tail2": {
					"rotation": [-32.5, 0, 0]
				},
				"hair_left_bend": {
					"rotation": [0, 0, 15]
				},
				"hair_left_end": {
					"rotation": [0, 0, 12.5]
				},
				"hair_right_bend": {
					"rotation": [0, 0, -15]
				},
				"hair_right_end": {
					"rotation": [0, 0, -12.5]
				},
				"right_flipper": {
					"rotation": [-7, 0, -33]
				},
				"right_flipper_elbow": {
					"rotation": [0, 0, 20]
				},
				"right_fin": {
					"rotation": [0, 0, 10]
				},
				"right_fin_flip": {
					"rotation": [0, 0, -30]
				},
				"left_flipper": {
					"rotation": [-7, 0, 33]
				},
				"left_flipper_elbow": {
					"rotation": [0, 0, -20]
				},
				"left_fin": {
					"rotation": [0, 0, -10]
				},
				"left_fin_flip": {
					"rotation": [0, 0, 30]
				}
			}
		},
		"animation.dragalge.blink": {
			"animation_length": 0.20833,
			"bones": {
				"right_closed": {
					"position": {
						"0.0": [0.1, 0, 0],
						"0.125": [0.1, 0, 0],
						"0.2083": [0, 0, 0]
					}
				},
				"left_closed": {
					"position": {
						"0.0": [-0.1, 0, 0],
						"0.125": [-0.1, 0, 0],
						"0.2083": [0, 0, 0]
					}
				}
			}
		}
	}
}