{
	"format_version": "1.8.0",
	"animations": {
		"animation.absol.render": {
			"loop": true,
			"bones": {
				"hips": {
					"rotation": [-2.5, 0, 0]
				},
				"chest": {
					"rotation": [12.5, 0, 0]
				},
				"tail": {
					"rotation": [-8.01788, 32.61138, -0.66603]
				},
				"neck": {
					"rotation": [15.34479, -13.10699, 9.18372]
				},
				"head": {
					"rotation": [-25.32307, -13.66763, -4.61603]
				},
				"hair": {
					"rotation": [0, 0, 45]
				},
				"hair2": {
					"rotation": [1.95155, 7.24305, 27.62353]
				},
				"hair3": {
					"rotation": [8.61775, 34.05444, 17.64371]
				},
				"neck_fur_right2": {
					"rotation": [0, 0, -30]
				},
				"neck_fur_left2": {
					"rotation": [0, 0, 40]
				},
				"neck_fur_back2": {
					"rotation": [-45, 0, 0]
				},
				"chest_fur": {
					"rotation": [-42.5, 0, 0]
				},
				"chest_fur_right": {
					"rotation": [0, 35, 0]
				},
				"chest_fur_left": {
					"rotation": [0, -25, 0]
				},
				"chest_fur_1": {
					"rotation": [27.5, 0, 0]
				},
				"chest_fur_2": {
					"rotation": [7.5, 0, 0]
				},
				"leg_back_left": {
					"rotation": [21.9659, -13.44762, -0.11731]
				},
				"leg_back_left2": {
					"rotation": [-10, 0, 0]
				},
				"leg_back_left3": {
					"rotation": [5, 0, 0]
				},
				"foot__back_left": {
					"rotation": [-14.82005, -12.39135, -1.6575]
				},
				"leg_front_left": {
					"rotation": [-25.47479, -17.22575, 3.13388],
					"position": [0, -0.25, 0]
				},
				"leg_front_left2": {
					"rotation": [14.61364, 12.22219, 2.52829]
				},
				"foot_front_left": {
					"rotation": [12.15846, -18.26883, -13.36473]
				},
				"eyes_open": {
					"position": [0, 0, 0]
				},
				"eyes_happy": {
					"position": [0, 0, 0]
				},
				"eyes_closed": {
					"position": [0, 0, 0]
				},
				"eyes_halfclosed": {
					"position": [0, 0, 0]
				},
				"leg_back_right": {
					"rotation": [0, -22.5, 0],
					"position": [-0.11888, 0, -1.67283]
				},
				"foot_back_right": {
					"rotation": [0, 15, 0]
				},
				"waist": {
					"rotation": [0, -20, 0]
				},
				"leg_front_right": {
					"rotation": [12.5, 0, 0]
				},
				"leg_front_right2": {
					"rotation": [0, 0, -10]
				},
				"foot_front_right": {
					"rotation": [-12.07362, 14.63639, 13.31914]
				}
			}
		},
		"animation.absol.idle_ground": {
			"loop": true,
			"bones": {
				"neck": {
					"rotation": [20, 0, 0]
				},
				"head": {
					"rotation": [-17.5, 0, 0]
				},
				"hair": {
					"rotation": [0, 0, 47]
				},
				"hair2": {
					"rotation": [0, 8.5, 38]
				},
				"hair3": {
					"rotation": [9.69368, 25.60466, 13.24197]
				},
				"neck_fur_right2": {
					"rotation": [0, 0, -30]
				},
				"neck_fur_left2": {
					"rotation": [0, 0, 40]
				},
				"neck_fur_back2": {
					"rotation": [-45, 0, 0]
				},
				"chest_fur": {
					"rotation": [-30, 0, 0]
				},
				"chest_fur_right": {
					"rotation": [0, 35, 0]
				},
				"chest_fur_left": {
					"rotation": [0, -25, 0]
				},
				"chest_fur_1": {
					"rotation": [27.5, 0, 0]
				},
				"chest_fur_2": {
					"rotation": [7.5, 0, 0]
				},
				"tail": {
					"rotation": [-22.5, 0, 0]
				}
			}
		},
		"animation.absol.cry": {
			"animation_length": 2,
			"bones": {
				"mouth": {
					"position": {
						"0.0": [0, 0, 0.17],
						"0.25": {"pre": [0, 0, 0.17], "post": [0, 0, -1]},
						"1.7917": {"pre": [0, 0, -1], "post": [0, 0, 0.17]}
					}
				}
			}
		},
		"animation.absol.blink": {
			"loop": true,
			"animation_length": 0.1667,
			"bones": {
				"eyes_open": {
					"position": {
						"0.0": [0, 0, 1],
						"0.125": {"pre": [0, 0, 1], "post": [0, 0, 1]},
						"0.1667": {"pre": [0, 0, 1], "post": [0, 0, 0]}
					}
				},
				"eyes_closed": {
					"position": {
						"0.0": [0, 0, -1],
						"0.125": {"pre": [0, 0, -1], "post": [0, 0, -1]},
						"0.1667": {"pre": [0, 0, -1], "post": [0, 0, 0]}
					}
				}
			}
		}
	}
}