{
  "enabled": true,
  "neededInstalledMods": [],
  "neededUninstalledMods": [],
  "spawns": [
    {
      "id": "hunterror-1",
      "pokemon": "hunterror",
      "presets": [
        "water"
      ],
      "type": "pokemon",
      "context": "submerged",
      "bucket": "rare",
      "level": "49-65",
      "weight": 1,
      "condition": {
        "canSeeSky": true,
        "biomes": [
          "#cobblemon:is_deep_ocean"
        ]
      }
    },
    {
      "id": "hunterror-3",
      "pokemon": "hunterror",
      "type": "pokemon",
      "context": "fishing",
      "bucket": "rare",
      "level": "49-65",
      "weight": 0.187,
      "condition": {
        "canSeeSky": true,
        "biomes": [
          "#cobblemon:is_ocean"
        ]
      }
    },
    {
      "id": "hunterror-4",
      "pokemon": "hunterror pink",
      "presets": [
        "water"
      ],
      "type": "pokemon",
      "context": "submerged",
      "bucket": "ultra-rare",
      "level": "49-65",
      "weight": 1,
      "condition": {
        "canSeeSky": true,
        "biomes": [
          "#cobblemon:is_deep_ocean"
        ]
      }
    }
  ]
}