{
  "format_version": "1.10.0",
  "particle_effect": {
    "description": {
      "identifier": "cobblemon:rapidash_cheseian_hooves",
      "basic_render_parameters": {
        "material": "particles_alpha",
        "texture": "textures/particles/cheseian_vanilla_smoke"
      }
    },
    "components": {
      "minecraft:emitter_rate_steady": {
        "spawn_rate": 12,
        "max_particles": 100
      },
      "minecraft:emitter_lifetime_looping": {
        "active_time": 99999
      },
      "minecraft:emitter_shape_point": {
        "offset": [
          0,
          "math.random(-0.3,-0.25)",
          0
        ],
        "direction": [
          "math.random(-1,1)",
          4,
          -0.5
        ]
      },
      "minecraft:particle_lifetime_expression": {
        "max_lifetime": 2
      },
      "minecraft:particle_initial_spin": {
        "rotation": "math.random_integer(1,4) * 90"
      },
      "minecraft:particle_initial_speed": 0.5,
      "minecraft:particle_motion_dynamic": {
        "linear_acceleration": [
          0,
          0.1,
          0
        ],
        "linear_drag_coefficient": 0.5
      },
      "minecraft:particle_appearance_billboard": {
        "size": [
          0.45,
          0.45
        ],
        "facing_camera_mode": "rotate_xyz",
        "uv": {
          "texture_width": 16,
          "texture_height": 192,
          "flipbook": {
            "base_UV": [
              0,
              0
            ],
            "size_UV": [
              16,
              16
            ],
            "step_UV": [
              0,
              16
            ],
            "frames_per_second": 2.3,
            "max_frame": 12
          }
        }
      },
      "cobblemon:emitter_space": {
        "scaling": "entity"
      }
    }
  }
}