{
	"format_version": "1.8.0",
	"animations": {
		"animation.escavalier.ground_idle": {
			"loop": true,
			"bones": {
				"torso": {
					"rotation": [-5, 0, 0]
				},
				"arm_left": {
					"rotation": [22.5193, -2.30959, -0.95723]
				},
				"arm_left2": {
					"rotation": [0, -10, 0]
				},
				"arm_right": {
					"rotation": [22.5193, 2.30959, 0.95723]
				},
				"arm_right2": {
					"rotation": [0, 10, 0]
				},
				"mouth_open": {
					"position": [0, 0, 0]
				},
				"head_angle": {
					"rotation": [5, 0, 0]
				}
			}
		},
		"animation.escavalier.blink": {
			"animation_length": 0.1667,
			"bones": {
				"eyelid_left": {
					"position": {
						"0.0": [0.1, 0, 0],
						"0.125": {"pre": [0.1, 0, 0], "post": [0.1, 0, 0]},
						"0.1667": {"pre": [0.1, 0, 0], "post": [0, 0, 0]}
					}
				},
				"eyelid_right": {
					"position": {
						"0.0": [-0.1, 0, 0],
						"0.125": {"pre": [-0.1, 0, 0], "post": [-0.1, 0, 0]},
						"0.1667": {"pre": [-0.1, 0, 0], "post": [0, 0, 0]}
					}
				}
			}
		}
	}
}