{
	"format_version": "1.12.0",
	"minecraft:geometry": [
		{
			"description": {
				"identifier": "geometry.sandile",
				"texture_width": 64,
				"texture_height": 32,
				"visible_bounds_width": 3,
				"visible_bounds_height": 2.5,
				"visible_bounds_offset": [0, 0.75, 0]
			},
			"bones": [
				{
					"name": "sandile",
					"pivot": [0, 0, 0]
				},
				{
					"name": "body",
					"parent": "sandile",
					"pivot": [0, 5.25, 0]
				},
				{
					"name": "torso",
					"parent": "body",
					"pivot": [0, 4, 2],
					"cubes": [
						{"origin": [-3, 3, -3], "size": [6, 4, 8], "uv": [0, 0]}
					]
				},
				{
					"name": "head",
					"parent": "torso",
					"pivot": [0, 5.6, -2.5],
					"cubes": [
						{"origin": [-4, 7.1, -7], "size": [3, 3, 4], "uv": [24, 8]},
						{"origin": [1, 7.1, -7], "size": [3, 3, 4], "uv": [20, 0]},
						{"origin": [-1, 7.1, -7], "size": [2, 2, 4], "uv": [52, 1]},
						{"origin": [-3, 7.1, -3], "size": [6, 2, 1], "uv": [18, 26]},
						{"origin": [-2, 6.1, -11], "size": [4, 2, 4], "uv": [0, 19]},
						{"origin": [-4.5, 5.1, -7], "size": [9, 2, 5], "uv": [0, 12]},
						{"origin": [-2.5, 6.1, -11], "size": [5, 3, 0], "inflate": 0.01, "uv": [30, 21]}
					]
				},
				{
					"name": "sunglasses",
					"parent": "head",
					"pivot": [0, 8.1, -8],
					"cubes": [
						{"origin": [-4, 7.3, -8], "size": [8, 2, 0], "uv": [47, 29]},
						{"origin": [-3.5, 7.8, -8.01], "size": [7, 1, 0], "uv": [49, 27]},
						{"origin": [-3.5, 7.8, -7.99], "size": [7, 1, 0], "uv": [49, 27]}
					]
				},
				{
					"name": "eye_right",
					"parent": "head",
					"pivot": [-2.5, 9.1, -7.01],
					"cubes": [
						{"origin": [-3, 7.6, -7.01], "size": [1, 2, 1], "uv": [0, 19]}
					]
				},
				{
					"name": "eyelid_right",
					"parent": "eye_right",
					"pivot": [-2.5, 9.1, -6.91],
					"cubes": [
						{"origin": [-3.5, 7.6, -6.91], "size": [2, 2, 1], "inflate": 0.01, "uv": [34, 4]}
					]
				},
				{
					"name": "eye_left",
					"parent": "head",
					"pivot": [2.5, 9.1, -7.01],
					"cubes": [
						{"origin": [2, 7.6, -7.01], "size": [1, 2, 1], "uv": [0, 12]}
					]
				},
				{
					"name": "eyelid_left",
					"parent": "eye_left",
					"pivot": [2.5, 9.1, -6.91],
					"cubes": [
						{"origin": [1.5, 7.6, -6.91], "size": [2, 2, 1], "inflate": 0.01, "uv": [58, 16]}
					]
				},
				{
					"name": "jaw",
					"parent": "head",
					"pivot": [0, 6.35, -7],
					"cubes": [
						{"origin": [-1.5, 5.35, -10.4], "size": [3, 1, 4], "uv": [42, 0]}
					]
				},
				{
					"name": "tail",
					"parent": "torso",
					"pivot": [0, 5.1, 4.5],
					"cubes": [
						{"origin": [-1.5, 3.6, 3.5], "size": [3, 3, 4], "uv": [16, 19]}
					]
				},
				{
					"name": "tail2",
					"parent": "tail",
					"pivot": [0, 4.6, 7],
					"cubes": [
						{"origin": [-1, 4.1, 6.5], "size": [2, 2, 3], "uv": [26, 16]}
					]
				},
				{
					"name": "leg_back_right",
					"parent": "body",
					"pivot": [-2, 4.25, 3.25],
					"cubes": [
						{"origin": [-3.5, 2.75, 2.25], "size": [2, 2, 2], "inflate": 0.01, "uv": [42, 9]}
					]
				},
				{
					"name": "leg_back_right2",
					"parent": "leg_back_right",
					"pivot": [-2.5, 2.75, 2.25],
					"cubes": [
						{"origin": [-3.5, 0.75, 2.25], "size": [2, 2, 2], "uv": [50, 16]}
					]
				},
				{
					"name": "foot_back_right",
					"parent": "leg_back_right2",
					"pivot": [-2.5, 1, 4],
					"cubes": [
						{"origin": [-3.5, 0, 1.5], "size": [2, 1, 3], "inflate": 0.01, "uv": [30, 0]}
					]
				},
				{
					"name": "toe_back_right",
					"parent": "foot_back_right",
					"pivot": [-3.25, 1, 1.5],
					"cubes": [
						{"origin": [-3.25, 0, 0.5], "size": [0, 1, 1], "uv": [12, 18]}
					]
				},
				{
					"name": "toe_back_right2",
					"parent": "foot_back_right",
					"pivot": [-2.5, 1, 1.5],
					"cubes": [
						{"origin": [-2.5, 0, 0.5], "size": [0, 1, 1], "uv": [2, 15]}
					]
				},
				{
					"name": "toe_back_right3",
					"parent": "foot_back_right",
					"pivot": [-1.75, 1, 1.5],
					"cubes": [
						{"origin": [-1.75, 0, 0.5], "size": [0, 1, 1], "uv": [0, 15]}
					]
				},
				{
					"name": "leg_back_left",
					"parent": "body",
					"pivot": [2, 4.25, 3.25],
					"cubes": [
						{"origin": [1.5, 2.75, 2.25], "size": [2, 2, 2], "inflate": 0.01, "uv": [41, 18]}
					]
				},
				{
					"name": "leg_back_left2",
					"parent": "leg_back_left",
					"pivot": [2.5, 2.75, 2.25],
					"cubes": [
						{"origin": [1.5, 0.75, 2.25], "size": [2, 2, 2], "uv": [12, 19]}
					]
				},
				{
					"name": "foot_back_left",
					"parent": "leg_back_left2",
					"pivot": [2.5, 1, 4],
					"cubes": [
						{"origin": [1.5, 0, 1.5], "size": [2, 1, 3], "inflate": 0.01, "uv": [41, 14]}
					]
				},
				{
					"name": "toe_back_left",
					"parent": "foot_back_left",
					"pivot": [3.25, 1, 1.5],
					"cubes": [
						{"origin": [3.25, 0, 0.5], "size": [0, 1, 1], "uv": [6, 4]}
					]
				},
				{
					"name": "toe_back_left2",
					"parent": "foot_back_left",
					"pivot": [2.5, 1, 1.5],
					"cubes": [
						{"origin": [2.5, 0, 0.5], "size": [0, 1, 1], "uv": [6, 3]}
					]
				},
				{
					"name": "toe_back_left3",
					"parent": "foot_back_left",
					"pivot": [1.75, 1, 1.5],
					"cubes": [
						{"origin": [1.75, 0, 0.5], "size": [0, 1, 1], "uv": [6, 0]}
					]
				},
				{
					"name": "leg_front_right",
					"parent": "body",
					"pivot": [-2, 4.25, -1.25],
					"cubes": [
						{"origin": [-3.5, 2.75, -2.25], "size": [2, 2, 2], "inflate": 0.01, "uv": [33, 15]}
					]
				},
				{
					"name": "leg_front_right2",
					"parent": "leg_front_right",
					"pivot": [-2.5, 2.75, -0.25],
					"cubes": [
						{"origin": [-3.5, 0.75, -2.25], "size": [2, 2, 2], "uv": [50, 7]}
					]
				},
				{
					"name": "foot_front_right",
					"parent": "leg_front_right2",
					"pivot": [-2.5, 1, -2.25],
					"cubes": [
						{"origin": [-3.5, 0, -3], "size": [2, 1, 3], "inflate": 0.01, "uv": [42, 5]}
					]
				},
				{
					"name": "toe_front_right",
					"parent": "foot_front_right",
					"pivot": [-3.25, 1, -3],
					"cubes": [
						{"origin": [-3.25, 0, -4], "size": [0, 1, 1], "uv": [2, 14]}
					]
				},
				{
					"name": "toe_front_right2",
					"parent": "foot_front_right",
					"pivot": [-2.5, 1, -3],
					"cubes": [
						{"origin": [-2.5, 0, -4], "size": [0, 1, 1], "uv": [0, 14]}
					]
				},
				{
					"name": "toe_front_right3",
					"parent": "foot_front_right",
					"pivot": [-1.75, 1, -3],
					"cubes": [
						{"origin": [-1.75, 0, -4], "size": [0, 1, 1], "uv": [3, 11]}
					]
				},
				{
					"name": "leg_front_left",
					"parent": "body",
					"pivot": [2, 4.25, -1.25],
					"cubes": [
						{"origin": [1.5, 2.75, -2.25], "size": [2, 2, 2], "inflate": 0.01, "uv": [0, 4]}
					]
				},
				{
					"name": "leg_front_left2",
					"parent": "leg_front_left",
					"pivot": [2.5, 2.75, -0.25],
					"cubes": [
						{"origin": [1.5, 0.75, -2.25], "size": [2, 2, 2], "uv": [0, 0]}
					]
				},
				{
					"name": "foot_front_left",
					"parent": "leg_front_left2",
					"pivot": [2.5, 1, -2.25],
					"cubes": [
						{"origin": [1.5, 0, -3], "size": [2, 1, 3], "inflate": 0.01, "uv": [53, 12]}
					]
				},
				{
					"name": "toe_front_left",
					"parent": "foot_front_left",
					"pivot": [3.25, 1, -3],
					"cubes": [
						{"origin": [3.25, 0, -4], "size": [0, 1, 1], "uv": [0, 4]}
					]
				},
				{
					"name": "toe_front_left2",
					"parent": "foot_front_left",
					"pivot": [2.5, 1, -3],
					"cubes": [
						{"origin": [2.5, 0, -4], "size": [0, 1, 1], "uv": [0, 3]}
					]
				},
				{
					"name": "toe_front_left3",
					"parent": "foot_front_left",
					"pivot": [1.75, 1, -3],
					"cubes": [
						{"origin": [1.75, 0, -4], "size": [0, 1, 1], "uv": [0, 0]}
					]
				}
			]
		}
	]
}