{
	"format_version": "1.12.0",
	"minecraft:geometry": [
		{
			"description": {
				"identifier": "geometry.unknown",
				"texture_width": 64,
				"texture_height": 64,
				"visible_bounds_width": 2,
				"visible_bounds_height": 2.5,
				"visible_bounds_offset": [0, 0.75, 0]
			},
			"bones": [
				{
					"name": "padlume",
					"pivot": [0, 0, 0]
				},
				{
					"name": "body",
					"parent": "padlume",
					"pivot": [0, 0, 0]
				},
				{
					"name": "head",
					"parent": "body",
					"pivot": [0, 0, 0],
					"cubes": [
						{"origin": [-4, 2, -4], "size": [8, 5, 8], "uv": [0, 16]},
						{"origin": [1.5, 4.25, -4.08], "size": [1, 1, 0], "uv": [32, 22]},
						{"origin": [-2.5, 4.25, -4.08], "size": [1, 1, 0], "uv": [32, 21]},
						{"origin": [-3, 4, -4.05], "size": [2, 2, 0], "uv": [32, 18]},
						{"origin": [1, 4, -4.05], "size": [2, 2, 0], "uv": [32, 16]},
						{"origin": [-1.5, 9, 0.5], "size": [1, 0, 1], "uv": [32, 20]},
						{"origin": [-2.5, 7, 2], "size": [4, 2, 0], "pivot": [0.5, 7, 1], "rotation": [0, -45, 0], "uv": [24, 31]},
						{"origin": [-4, 7, 3.5], "size": [4, 2, 0], "pivot": [-1, 7, 2.5], "rotation": [0, -135, 0], "uv": [16, 31]},
						{"origin": [-3, 7, 3], "size": [4, 2, 0], "pivot": [0, 7, 2], "rotation": [0, -90, 0], "uv": [24, 29]},
						{"origin": [-3, 7, 1], "size": [4, 2, 0], "uv": [16, 29]},
						{"origin": [-8, 7.01, -8], "size": [16, 0, 16], "uv": [0, 0]}
					]
				},
				{
					"name": "left_leg",
					"parent": "body",
					"pivot": [0, 0, 0],
					"cubes": [
						{"origin": [1, 0, -1], "size": [2, 2, 2], "uv": [8, 29]}
					]
				},
				{
					"name": "right_leg",
					"parent": "body",
					"pivot": [0, 0, 0],
					"cubes": [
						{"origin": [-3, 0, -1], "size": [2, 2, 2], "uv": [0, 29]}
					]
				}
			]
		}
	]
}