{
	"format_version": "1.8.0",
	"animations": {
		"animation.lampent.ground_idle": {
			"loop": true,
			"bones": {
				"swing": {
					"rotation": ["2.5*math.sin(q.anim_time*90*2)*1", 0, "2.5*math.sin(q.anim_time*90*2+90)*1"],
					"position": [0, "5+math.sin(q.anim_time*90*4-90)*0.1", 0]
				},
				"flame": {
					"rotation": [
						"(math.sin(q.anim_time*90)*6)*(math.sin(q.anim_time*90-90))",
						"math.sin(q.anim_time*90*1)*6",
						"-(math.sin(q.anim_time*90-45)*6)*(math.sin(q.anim_time*90-90))"
					],
					"scale": [1, "1+math.sin(q.anim_time*90*4)*0.05", 1]
				},
				"arm_left": {
					"rotation": ["-2.5 + math.sin(q.anim_time*90*2-90)", 5, "7.5 + 5*math.sin(q.anim_time*90*2)"]
				},
				"arm_left2": {
					"rotation": [0, 0, "10 + 5*math.sin(q.anim_time*90*2+90)"]
				},
				"arm_left3": {
					"rotation": [0, 0, "10 + 5*math.sin(q.anim_time*90*2+180)"]
				},
				"arm_left4": {
					"rotation": [0, 0, "52.5 + 5*math.sin(q.anim_time*90*2+270)"]
				},
				"arm_left5": {
					"rotation": [0, 0, "65 + 5*math.sin(q.anim_time*90*2+360)"]
				},
				"arm_left6": {
					"rotation": [0, 0, "75 + 5*math.sin(q.anim_time*90*2+450)"]
				},
				"arm_right": {
					"rotation": ["-2.5+math.sin(q.anim_time*90*2-90)", -5, "-7.5 - 5*math.sin(q.anim_time*90*2)"]
				},
				"arm_right2": {
					"rotation": [0, 0, "-10 - 5*math.sin(q.anim_time*90*2+90)"]
				},
				"arm_right3": {
					"rotation": [0, 0, "-10 - 5*math.sin(q.anim_time*90*2+180)"]
				},
				"arm_right4": {
					"rotation": [0, 0, "-52.5 - 5*math.sin(q.anim_time*90*2+270)"]
				},
				"arm_right5": {
					"rotation": [0, 0, "-65 - 5*math.sin(q.anim_time*90*2+360)"]
				},
				"arm_right6": {
					"rotation": [0, 0, "-75 - 5*math.sin(q.anim_time*90*2+450)"]
				},
				"eyelid_left": {
					"scale": 0
				},
				"eyelid_right": {
					"scale": 0
				},
				"body": {
					"position": [0, 4, 0]
				}
			}
		},
		"animation.lampent.ground_walk": {
			"loop": true,
			"bones": {
				"swing": {
					"rotation": ["23+2.5*math.sin(q.anim_time*90*4)*1", 0, "0+2.5*math.sin(q.anim_time*90*2+90)*1"],
					"position": [0, "5+math.sin(q.anim_time*90*4-90)*0.5", -7.6]
				},
				"flame": {
					"rotation": [
						"(math.sin(q.anim_time*90)*6)*(math.sin(q.anim_time*90-90))",
						"math.sin(q.anim_time*90*2)*6",
						"-(math.sin(q.anim_time*90-45)*6)*(math.sin(q.anim_time*90-90))"
					],
					"scale": [1, "1+math.sin(q.anim_time*90*4)*0.05", 1]
				},
				"arm_left": {
					"rotation": ["10.2854 + math.sin(q.anim_time*90*2-90)*2", 6.26335, "18.6835 + 5*math.sin(q.anim_time*90*2)"]
				},
				"arm_left2": {
					"rotation": [0, 0, "18 + 5*math.sin(q.anim_time*90*2+90)"]
				},
				"arm_left3": {
					"rotation": [0, 0, "20 + 5*math.sin(q.anim_time*90*2+180)"]
				},
				"arm_left4": {
					"rotation": [0, 0, "52.5 + 5*math.sin(q.anim_time*90*2+270)"]
				},
				"arm_left5": {
					"rotation": [0, 0, "47 + 5*math.sin(q.anim_time*90*2+360)"]
				},
				"arm_left6": {
					"rotation": [0, 0, "61 + 5*math.sin(q.anim_time*90*2+450)"]
				},
				"arm_right": {
					"rotation": ["10.2854 + math.sin(q.anim_time*90*2-90)*2", -6.26335, "-18.6835+ 5*math.sin(q.anim_time*90*2)"]
				},
				"arm_right2": {
					"rotation": [0, 0, "-18+ 5*math.sin(q.anim_time*90*2+90)"]
				},
				"arm_right3": {
					"rotation": [0, 0, "-20+ 5*math.sin(q.anim_time*90*2+180)"]
				},
				"arm_right4": {
					"rotation": [0, 0, "-52.5+ 5*math.sin(q.anim_time*90*2+270)"]
				},
				"arm_right5": {
					"rotation": [0, 0, "-47+ 5*math.sin(q.anim_time*90*2+360)"]
				},
				"arm_right6": {
					"rotation": [0, 0, "-61+ 5*math.sin(q.anim_time*90*2+450)"]
				},
				"eyelid_left": {
					"scale": 0
				},
				"eyelid_right": {
					"scale": 0
				},
				"body": {
					"position": [0, 4, 0]
				},
				"head": {
					"rotation": [0, 0, 0]
				}
			}
		},
		"animation.lampent.air_idle": {
			"loop": true,
			"bones": {
				"swing": {
					"rotation": ["2.5*math.sin(q.anim_time*90*2)*1", 0, "2.5*math.sin(q.anim_time*90*2+90)*1"],
					"position": [0, "5+math.sin(q.anim_time*90*4-90)*0.1", 0]
				},
				"flame": {
					"rotation": [
						"(math.sin(q.anim_time*90)*6)*(math.sin(q.anim_time*90-90))",
						"math.sin(q.anim_time*90*1)*6",
						"-(math.sin(q.anim_time*90-45)*6)*(math.sin(q.anim_time*90-90))"
					],
					"scale": [1, "1+math.sin(q.anim_time*90*4)*0.05", 1]
				},
				"arm_left": {
					"rotation": ["-2.5 + math.sin(q.anim_time*90*2-90)", 5, "7.5 + 5*math.sin(q.anim_time*90*2)"]
				},
				"arm_left2": {
					"rotation": [0, 0, "10 + 5*math.sin(q.anim_time*90*2+90)"]
				},
				"arm_left3": {
					"rotation": [0, 0, "10 + 5*math.sin(q.anim_time*90*2+180)"]
				},
				"arm_left4": {
					"rotation": [0, 0, "52.5 + 5*math.sin(q.anim_time*90*2+270)"]
				},
				"arm_left5": {
					"rotation": [0, 0, "65 + 5*math.sin(q.anim_time*90*2+360)"]
				},
				"arm_left6": {
					"rotation": [0, 0, "75 + 5*math.sin(q.anim_time*90*2+450)"]
				},
				"arm_right": {
					"rotation": ["-2.5+math.sin(q.anim_time*90*2-90)", -5, "-7.5 - 5*math.sin(q.anim_time*90*2)"]
				},
				"arm_right2": {
					"rotation": [0, 0, "-10 - 5*math.sin(q.anim_time*90*2+90)"]
				},
				"arm_right3": {
					"rotation": [0, 0, "-10 - 5*math.sin(q.anim_time*90*2+180)"]
				},
				"arm_right4": {
					"rotation": [0, 0, "-52.5 - 5*math.sin(q.anim_time*90*2+270)"]
				},
				"arm_right5": {
					"rotation": [0, 0, "-65 - 5*math.sin(q.anim_time*90*2+360)"]
				},
				"arm_right6": {
					"rotation": [0, 0, "-75 - 5*math.sin(q.anim_time*90*2+450)"]
				},
				"eyelid_left": {
					"scale": 0
				},
				"eyelid_right": {
					"scale": 0
				},
				"body": {
					"position": [0, 4, 0]
				}
			}
		},
		"animation.lampent.air_fly": {
			"loop": true,
			"bones": {
				"swing": {
					"rotation": ["23+2.5*math.sin(q.anim_time*90*4)*1", 0, "0+2.5*math.sin(q.anim_time*90*2+90)*1"],
					"position": [0, "5+math.sin(q.anim_time*90*4-90)*0.5", -7.6]
				},
				"flame": {
					"rotation": [
						"(math.sin(q.anim_time*90)*6)*(math.sin(q.anim_time*90-90))",
						"math.sin(q.anim_time*90*2)*6",
						"-(math.sin(q.anim_time*90-45)*6)*(math.sin(q.anim_time*90-90))"
					],
					"scale": [1, "1+math.sin(q.anim_time*90*4)*0.05", 1]
				},
				"arm_left": {
					"rotation": ["10.2854 + math.sin(q.anim_time*90*2-90)*2", 6.26335, "18.6835 + 5*math.sin(q.anim_time*90*2)"]
				},
				"arm_left2": {
					"rotation": [0, 0, "18 + 5*math.sin(q.anim_time*90*2+90)"]
				},
				"arm_left3": {
					"rotation": [0, 0, "20 + 5*math.sin(q.anim_time*90*2+180)"]
				},
				"arm_left4": {
					"rotation": [0, 0, "52.5 + 5*math.sin(q.anim_time*90*2+270)"]
				},
				"arm_left5": {
					"rotation": [0, 0, "47 + 5*math.sin(q.anim_time*90*2+360)"]
				},
				"arm_left6": {
					"rotation": [0, 0, "61 + 5*math.sin(q.anim_time*90*2+450)"]
				},
				"arm_right": {
					"rotation": ["10.2854 + math.sin(q.anim_time*90*2-90)*2", -6.26335, "-18.6835+ 5*math.sin(q.anim_time*90*2)"]
				},
				"arm_right2": {
					"rotation": [0, 0, "-18+ 5*math.sin(q.anim_time*90*2+90)"]
				},
				"arm_right3": {
					"rotation": [0, 0, "-20+ 5*math.sin(q.anim_time*90*2+180)"]
				},
				"arm_right4": {
					"rotation": [0, 0, "-52.5+ 5*math.sin(q.anim_time*90*2+270)"]
				},
				"arm_right5": {
					"rotation": [0, 0, "-47+ 5*math.sin(q.anim_time*90*2+360)"]
				},
				"arm_right6": {
					"rotation": [0, 0, "-61+ 5*math.sin(q.anim_time*90*2+450)"]
				},
				"eyelid_left": {
					"scale": 0
				},
				"eyelid_right": {
					"scale": 0
				},
				"body": {
					"position": [0, 4, 0]
				},
				"head": {
					"rotation": [0, 0, 0]
				}
			}
		},
		"animation.lampent.battle_idle": {
			"loop": true,
			"bones": {
				"swing": {
					"rotation": ["2.5*math.sin(q.anim_time*90*2)*2.5", 0, "2.5*math.sin(q.anim_time*90*2+90)*2.5"],
					"position": [0, "5+math.sin(q.anim_time*90*4-90)*0.3", 0]
				},
				"flame": {
					"rotation": [
						"(math.sin(q.anim_time*90)*6)*(math.sin(q.anim_time*90-90))",
						"math.sin(q.anim_time*90*2)*16",
						"-(math.sin(q.anim_time*90-45)*6)*(math.sin(q.anim_time*90-90))"
					],
					"scale": [1, "1+math.sin(q.anim_time*90*4)*0.05", 1]
				},
				"arm_left": {
					"rotation": ["-2.1704 + math.sin(q.anim_time*90*2-90)", 9.22576, "11.2872 + 5*math.sin(q.anim_time*90*2)"],
					"position": [0, 0, -0.2]
				},
				"arm_left2": {
					"rotation": [0, 0, "12 + 5*math.sin(q.anim_time*90*2+90)"]
				},
				"arm_left3": {
					"rotation": [0, 0, "19 + 5*math.sin(q.anim_time*90*2+180)"]
				},
				"arm_left4": {
					"rotation": [0, 0, "52.5 + 5*math.sin(q.anim_time*90*2+270)"]
				},
				"arm_left5": {
					"rotation": [0, 0, "65 + 5*math.sin(q.anim_time*90*2+360)"]
				},
				"arm_left6": {
					"rotation": [0, 0, "57 + 5*math.sin(q.anim_time*90*2+450)"]
				},
				"arm_right": {
					"rotation": ["-2.2678+math.sin(q.anim_time*90*2-90)", 9.79993, "-13+math.sin(q.anim_time*90*2)"],
					"position": [0, 0, 0.2]
				},
				"arm_right2": {
					"rotation": [0, 0, "22+5*math.sin(q.anim_time*90*2)*0.5"]
				},
				"arm_right3": {
					"rotation": [0, 0, "35+5*math.sin(q.anim_time*90*2)"]
				},
				"arm_right4": {
					"rotation": [0, 0, "19.5+5*math.sin(q.anim_time*90*2)*0.5"]
				},
				"arm_right5": {
					"rotation": [0, 0, "30+5*math.sin(q.anim_time*90*2)*0.5"]
				},
				"arm_right6": {
					"rotation": [0, 0, "24+5*math.sin(q.anim_time*90*2)*0.5"]
				},
				"eyelid_left": {
					"scale": 0
				},
				"eyelid_right": {
					"scale": 0
				},
				"body": {
					"position": [0, 4, 0]
				}
			}
		},
		"animation.lampent.sleep": {
			"loop": true,
			"bones": {
				"swing": {
					"rotation": ["5+2.5*math.sin(q.anim_time*90*1)*0.4", 0, "0+2.5*math.sin(q.anim_time*90*1+90)*0.4"],
					"position": [0, "5+math.sin(q.anim_time*90*2-90)*0.1", -1]
				},
				"flame": {
					"rotation": [
						"(math.sin(q.anim_time*90)*6)*(math.sin(q.anim_time*90-90))",
						"math.sin(q.anim_time*90*1)*2",
						"-(math.sin(q.anim_time*90-45)*6)*(math.sin(q.anim_time*90-90))"
					],
					"scale": [1, "0.8+math.sin(q.anim_time*90*4)*0.05", 1]
				},
				"arm_left": {
					"rotation": ["1-math.sin(q.anim_time*90*1-90)*0.4", 6.00935, "25+5*math.sin(q.anim_time*90*1)*0.4"]
				},
				"arm_left2": {
					"rotation": [0, 0, "10 + 5*math.sin(q.anim_time*90*1+90)"]
				},
				"arm_left3": {
					"rotation": [0, 0, "10 + 5*math.sin(q.anim_time*90*1+180)"]
				},
				"arm_left4": {
					"rotation": [0, 0, "52.5 + 5*math.sin(q.anim_time*90*1+270)"]
				},
				"arm_left5": {
					"rotation": [0, 0, "65 + 5*math.sin(q.anim_time*90*1+360)"]
				},
				"arm_left6": {
					"rotation": [0, 0, "75 + 5*math.sin(q.anim_time*90*1+450)"]
				},
				"arm_right": {
					"rotation": ["1+math.sin(q.anim_time*90*1-90)*0.4", -6.00935, "-25- 5*math.sin(q.anim_time*90*1)*0.4"]
				},
				"arm_right2": {
					"rotation": [0, 0, "-10 - 5*math.sin(q.anim_time*90*1+90)"]
				},
				"arm_right3": {
					"rotation": [0, 0, "-10 - 5*math.sin(q.anim_time*90*1+180)"]
				},
				"arm_right4": {
					"rotation": [0, 0, "-52.5 - 5*math.sin(q.anim_time*90*1+270)"]
				},
				"arm_right5": {
					"rotation": [0, 0, "-65 - 5*math.sin(q.anim_time*90*1+360)"]
				},
				"arm_right6": {
					"rotation": [0, 0, "-75 - 5*math.sin(q.anim_time*90*1+450)"]
				},
				"eyelid_left": {
					"scale": 1
				},
				"eyelid_right": {
					"scale": 1
				},
				"body": {
					"position": [0, 4, 0]
				},
				"eye_left": {
					"scale": 0
				},
				"eye_right": {
					"scale": 0
				}
			}
		},
		"animation.lampent.blink": {
			"animation_length": 0.16667,
			"bones": {
				"eye_left": {
					"scale": {
						"0.0": [0, 0, 0],
						"0.125": [0, 0, 0],
						"0.1667": [1, 1, 1]
					}
				},
				"eye_right": {
					"scale": {
						"0.0": [0, 0, 0],
						"0.125": [0, 0, 0],
						"0.1667": [1, 1, 1]
					}
				},
				"eyelid_left": {
					"scale": {
						"0.0": [1, 1, 1],
						"0.125": [1, 1, 1],
						"0.1667": [1, 1, 1]
					}
				},
				"eyelid_right": {
					"scale": {
						"0.0": [1, 1, 1],
						"0.125": [1, 1, 1],
						"0.1667": [1, 1, 1]
					}
				}
			}
		},
		"animation.lampent.pose": {
			"loop": true,
			"bones": {
				"body": {
					"rotation": [0, -5, 7.5]
				},
				"head": {
					"rotation": [14.60945, 2.9986, -5.59467]
				},
				"arm_left": {
					"rotation": [0, 25, -7.5]
				},
				"arm_left2": {
					"rotation": [0, 0, -22.5]
				},
				"arm_left3": {
					"rotation": [0, 0, -17.5]
				},
				"arm_left4": {
					"rotation": [0, 0, -22.5]
				},
				"arm_left5": {
					"rotation": [0, 0, -30]
				},
				"arm_left6": {
					"rotation": [0, 0, -28.5]
				},
				"arm_right": {
					"rotation": [0, 0, -5]
				},
				"arm_right2": {
					"rotation": [0, 0, -20]
				},
				"arm_right3": {
					"rotation": [0, 0, -25]
				},
				"arm_right4": {
					"rotation": [0, 0, -40]
				},
				"arm_right5": {
					"rotation": [0, 0, -38.5]
				},
				"arm_right6": {
					"rotation": [0, 0, -36.5]
				},
				"swing": {
					"rotation": [-13.63677, 25.79103, 6.17047],
					"position": [4.2, 4, 11]
				},
				"flame": {
					"rotation": [0, 22.5, 0]
				}
			}
		}
	}
}