{
	"format_version": "1.12.0",
	"minecraft:geometry": [
		{
			"description": {
				"identifier": "geometry.krokorok_shades",
				"texture_width": 128,
				"texture_height": 64,
				"visible_bounds_width": 4,
				"visible_bounds_height": 3.5,
				"visible_bounds_offset": [0, 1.25, 0]
			},
			"bones": [
				{
					"name": "krokorok",
					"pivot": [0, 0, 0]
				},
				{
					"name": "body",
					"parent": "krokorok",
					"pivot": [0, 10, -1]
				},
				{
					"name": "torso",
					"parent": "body",
					"pivot": [0, 9, -1],
					"cubes": [
						{"origin": [-3.5, 5, -4.25], "size": [7, 9, 7], "inflate": 0.01, "uv": [0, 26]},
						{"origin": [-1.5, 11.5, 1.75], "size": [0, 2, 2], "pivot": [-1.5, 12.5, 2.75], "rotation": [-45, 0, 0], "uv": [6, 13]},
						{"origin": [1.5, 11.5, 1.75], "size": [0, 2, 2], "pivot": [1.5, 12.5, 2.75], "rotation": [-45, 0, 0], "uv": [0, 17]}
					]
				},
				{
					"name": "tail",
					"parent": "torso",
					"pivot": [0, 9, -0.75],
					"rotation": [-45, 0, 0],
					"cubes": [
						{"origin": [-3, 6, -2.25], "size": [6, 6, 9], "uv": [21, 17]},
						{"origin": [-2, 11, 1.75], "size": [0, 2, 2], "pivot": [-2, 12, 2.75], "rotation": [-45, 0, 0], "uv": [19, 17]},
						{"origin": [2, 11, 1.75], "size": [0, 2, 2], "pivot": [2, 12, 2.75], "rotation": [-45, 0, 0], "uv": [19, 15]}
					]
				},
				{
					"name": "tail2",
					"parent": "tail",
					"pivot": [0, 9, 6.25],
					"cubes": [
						{"origin": [-2, 7, 5.75], "size": [4, 4, 11], "uv": [0, 11]},
						{"origin": [0, 10, 13.25], "size": [0, 2, 2], "pivot": [0, 11, 14.25], "rotation": [-45, 0, 0], "uv": [23, 17]},
						{"origin": [0, 10, 8.25], "size": [0, 2, 2], "pivot": [0, 11, 9.25], "rotation": [-45, 0, 0], "uv": [23, 15]}
					]
				},
				{
					"name": "tail3",
					"parent": "tail2",
					"pivot": [0, 9, 17.25],
					"cubes": [
						{"origin": [-1, 8, 15.75], "size": [2, 2, 8], "uv": [40, 35]},
						{"origin": [0, 9, 18.25], "size": [0, 2, 2], "pivot": [0, 10, 19.25], "rotation": [-45, 0, 0], "uv": [0, 24]}
					]
				},
				{
					"name": "torso2",
					"parent": "torso",
					"pivot": [0, 13.5, -0.75],
					"cubes": [
						{"origin": [-2.5, 12.5, -3.25], "size": [5, 6, 5], "uv": [28, 32]},
						{"origin": [-1.5, 16, 0.75], "size": [0, 2, 2], "pivot": [-1.5, 17, 1.75], "rotation": [-45, 0, 0], "uv": [6, 9]},
						{"origin": [1.5, 16, 0.75], "size": [0, 2, 2], "pivot": [1.5, 17, 1.75], "rotation": [-45, 0, 0], "uv": [6, 11]}
					]
				},
				{
					"name": "neck",
					"parent": "torso2",
					"pivot": [0, 17.5, -0.75],
					"cubes": [
						{"origin": [-2, 17, -2.75], "size": [4, 5, 4], "uv": [52, 34]}
					]
				},
				{
					"name": "head",
					"parent": "neck",
					"pivot": [0, 21.5, -0.5],
					"cubes": [
						{"origin": [-4.5, 25, -4], "size": [4, 4, 5], "uv": [103, 9]},
						{"origin": [-0.5, 25, -4], "size": [1, 3, 5], "uv": [94, 31]},
						{"origin": [0.5, 25, -4], "size": [4, 4, 5], "uv": [101, 25]},
						{"origin": [-5.5, 21, -4], "size": [11, 4, 7], "uv": [0, 0]},
						{"origin": [-2.5, 22.5, -11], "size": [5, 2, 7], "uv": [29, 4]},
						{"origin": [-2.4, 22, -5.5], "size": [0, 1, 1], "pivot": [-2.5, 22.5, -5], "rotation": [-45, 0, 0], "uv": [8, 16]},
						{"origin": [2.4, 22, -5.5], "size": [0, 1, 1], "pivot": [2.5, 22.5, -5], "rotation": [-45, 0, 0], "uv": [6, 16]},
						{"origin": [-2, 22, -11], "size": [1, 1, 0], "pivot": [-1.5, 22.5, -11], "rotation": [0, 0, 45], "uv": [19, 11]},
						{"origin": [1, 22, -11], "size": [1, 1, 0], "pivot": [1.5, 22.5, -11], "rotation": [0, 0, -45], "uv": [5, 0]},
						{"origin": [-3, 22.5, -11], "size": [6, 3, 0], "inflate": 0.01, "uv": [59, 25]}
					]
				},
				{
					"name": "eye_right",
					"parent": "head",
					"pivot": [-2.5, 25.75, -3.51],
					"cubes": [
						{"origin": [-3, 24.75, -4.01], "size": [1, 2, 1], "uv": [0, 29]}
					]
				},
				{
					"name": "eyelid_right",
					"parent": "eye_right",
					"pivot": [-2.5, 25.75, -3.41],
					"cubes": [
						{"origin": [-3.5, 24.75, -3.91], "size": [2, 2, 1], "inflate": 0.01, "uv": [5, 18]}
					]
				},
				{
					"name": "eye_left",
					"parent": "head",
					"pivot": [2.5, 25.75, -3.51],
					"cubes": [
						{"origin": [2, 24.75, -4.01], "size": [1, 2, 1], "uv": [3, 27]}
					]
				},
				{
					"name": "eyelid_left",
					"parent": "eye_left",
					"pivot": [2.5, 25.75, -3.41],
					"cubes": [
						{"origin": [1.5, 24.75, -3.91], "size": [2, 2, 1], "inflate": 0.01, "uv": [0, 0]}
					]
				},
				{
					"name": "jaw",
					"parent": "head",
					"pivot": [0, 22.5, -4],
					"cubes": [
						{"origin": [-2, 21.5, -10], "size": [4, 1, 6], "uv": [46, 0]}
					]
				},
				{
					"name": "sunglasses",
					"parent": "head",
					"pivot": [0, 24.5, -5],
					"cubes": [
						{"origin": [-4.5, 24, -5], "size": [9, 2, 0], "uv": [109, 61]},
						{"origin": [-4, 24.5, -5.01], "size": [8, 1, 0], "uv": [111, 59]},
						{"origin": [-4, 24.5, -4.99], "size": [8, 1, 0], "uv": [111, 59]}
					]
				},
				{
					"name": "arm_right",
					"parent": "torso2",
					"pivot": [-2.75, 17.5, -0.75],
					"cubes": [
						{"origin": [-8, 16.5, -1.75], "size": [4, 2, 2], "inflate": 0.01, "uv": [116, 38]},
						{"origin": [-4, 16, -2.25], "size": [3, 3, 3], "uv": [53, 7]}
					]
				},
				{
					"name": "arm_right2",
					"parent": "arm_right",
					"pivot": [-8, 17.5, 0.25],
					"cubes": [
						{"origin": [-12, 16.5, -1.75], "size": [4, 2, 2], "uv": [106, 36]}
					]
				},
				{
					"name": "hand_right",
					"parent": "arm_right2",
					"pivot": [-11.5, 17.5, -0.75],
					"cubes": [
						{"origin": [-14.5, 16.5, -2.25], "size": [3, 2, 3], "inflate": 0.01, "uv": [55, 13]}
					]
				},
				{
					"name": "claw_right",
					"parent": "hand_right",
					"pivot": [-14.5, 18.5, -2],
					"cubes": [
						{"origin": [-16.5, 16.5, -2], "size": [2, 2, 0], "uv": [41, 13]}
					]
				},
				{
					"name": "claw_right2",
					"parent": "hand_right",
					"pivot": [-14.5, 18.5, -0.75],
					"cubes": [
						{"origin": [-16.5, 16.5, -0.75], "size": [2, 2, 0], "uv": [41, 2]}
					]
				},
				{
					"name": "claw_right3",
					"parent": "hand_right",
					"pivot": [-14.5, 18.5, 0.5],
					"cubes": [
						{"origin": [-16.5, 16.5, 0.5], "size": [2, 2, 0], "uv": [39, 0]}
					]
				},
				{
					"name": "arm_left",
					"parent": "torso2",
					"pivot": [2.75, 17.5, -0.75],
					"cubes": [
						{"origin": [4, 16.5, -1.75], "size": [4, 2, 2], "inflate": 0.01, "uv": [29, 0]},
						{"origin": [1, 16, -2.25], "size": [3, 3, 3], "uv": [19, 11]}
					]
				},
				{
					"name": "arm_left2",
					"parent": "arm_left",
					"pivot": [8, 17.5, 0.25],
					"cubes": [
						{"origin": [8, 16.5, -1.75], "size": [4, 2, 2], "uv": [31, 13]}
					]
				},
				{
					"name": "hand_left",
					"parent": "arm_left2",
					"pivot": [11.5, 17.5, -0.75],
					"cubes": [
						{"origin": [11.5, 16.5, -2.25], "size": [3, 2, 3], "inflate": 0.01, "uv": [114, 25]}
					]
				},
				{
					"name": "claw_left",
					"parent": "hand_left",
					"pivot": [14.5, 18.5, -2],
					"cubes": [
						{"origin": [14.5, 16.5, -2], "size": [2, 2, 0], "uv": [28, 34]}
					]
				},
				{
					"name": "claw_left2",
					"parent": "hand_left",
					"pivot": [14.5, 18.5, -0.75],
					"cubes": [
						{"origin": [14.5, 16.5, -0.75], "size": [2, 2, 0], "uv": [28, 32]}
					]
				},
				{
					"name": "claw_left3",
					"parent": "hand_left",
					"pivot": [14.5, 18.5, 0.5],
					"cubes": [
						{"origin": [14.5, 16.5, 0.5], "size": [2, 2, 0], "uv": [29, 4]}
					]
				},
				{
					"name": "leg_right",
					"parent": "body",
					"pivot": [-4.5, 8.25, -0.75],
					"rotation": [-10, 0, 0],
					"cubes": [
						{"origin": [-7, 4.25, -3.25], "size": [4, 7, 5], "uv": [42, 13]}
					]
				},
				{
					"name": "leg_right2",
					"parent": "leg_right",
					"pivot": [-4.5, 4.25, -2.25],
					"rotation": [25, 0, 0],
					"cubes": [
						{"origin": [-6.5, 0.25, -2.25], "size": [3, 4, 3], "uv": [90, 12]}
					]
				},
				{
					"name": "foot_right",
					"parent": "leg_right2",
					"pivot": [-5, 0.75, -0.25],
					"rotation": [-15, 0, 0],
					"cubes": [
						{"origin": [-7, -0.75, -4.75], "size": [4, 2, 6], "uv": [45, 26]}
					]
				},
				{
					"name": "toe_right",
					"parent": "foot_right",
					"pivot": [-6.5, 1.25, -4.75],
					"cubes": [
						{"origin": [-6.5, -0.75, -7.75], "size": [0, 2, 3], "uv": [0, 10]}
					]
				},
				{
					"name": "toe_right2",
					"parent": "foot_right",
					"pivot": [-5, 1.25, -4.75],
					"cubes": [
						{"origin": [-5, -0.75, -7.75], "size": [0, 2, 3], "uv": [0, 14]}
					]
				},
				{
					"name": "toe_right3",
					"parent": "foot_right",
					"pivot": [-3.5, 1.25, -4.75],
					"cubes": [
						{"origin": [-3.5, -0.75, -7.75], "size": [0, 2, 3], "uv": [0, 12]}
					]
				},
				{
					"name": "leg_left",
					"parent": "body",
					"pivot": [4.5, 8.25, -0.75],
					"rotation": [-10, 0, 0],
					"cubes": [
						{"origin": [3, 4.25, -3.25], "size": [4, 7, 5], "uv": [90, 0]}
					]
				},
				{
					"name": "leg_left2",
					"parent": "leg_left",
					"pivot": [4.5, 4.25, -2.25],
					"rotation": [25, 0, 0],
					"cubes": [
						{"origin": [3.5, 0.25, -2.25], "size": [3, 4, 3], "uv": [116, 31]}
					]
				},
				{
					"name": "foot_left",
					"parent": "leg_left2",
					"pivot": [5, 0.75, -0.25],
					"rotation": [-15, 0, 0],
					"cubes": [
						{"origin": [3, -0.75, -4.75], "size": [4, 2, 6], "uv": [108, 1]}
					]
				},
				{
					"name": "toe_left",
					"parent": "foot_left",
					"pivot": [6.5, 1.25, -4.75],
					"cubes": [
						{"origin": [6.5, -0.75, -7.75], "size": [0, 2, 3], "uv": [0, 8]}
					]
				},
				{
					"name": "toe_left2",
					"parent": "foot_left",
					"pivot": [5, 1.25, -4.75],
					"cubes": [
						{"origin": [5, -0.75, -7.75], "size": [0, 2, 3], "uv": [0, 2]}
					]
				},
				{
					"name": "toe_left3",
					"parent": "foot_left",
					"pivot": [3.5, 1.25, -4.75],
					"cubes": [
						{"origin": [3.5, -0.75, -7.75], "size": [0, 2, 3], "uv": [0, 0]}
					]
				}
			]
		}
	]
}