{
  "id": "cobblemon:hunterror",
  "speciesId": "cobblemon:hunterror",
  "displayAspects": [],
  "conditionAspects": [],
  "forms": [
    {
      "displayForm": "Normal",
      "unlockForms": [
        "Normal"
      ]
    },
    {
      "displayForm": "Pink",
      "unlockForms": [
        "Pink"
      ]
    }
  ],
  "variations": [
    {
    "displayName": "cobblemon.pokedex.variation.pink",
    "icon": "cobblemon:textures/gui/pokedex/variation/color.png",
      "aspects": [
        "pink"
      ]
    }
  ]
}