{
	"format_version": "1.12.0",
	"minecraft:geometry": [
		{
			"description": {
				"identifier": "geometry.rapidash",
				"texture_width": 128,
				"texture_height": 128,
				"visible_bounds_width": 5,
				"visible_bounds_height": 4.5,
				"visible_bounds_offset": [0, 1.75, 0]
			},
			"bones": [
				{
					"name": "rapidash",
					"pivot": [0, 0, 0]
				},
				{
					"name": "body",
					"parent": "rapidash",
					"pivot": [0, 0, 0]
				},
				{
					"name": "torso",
					"parent": "body",
					"pivot": [0, 14.75, 0],
					"cubes": [
						{"origin": [-4, 10.75, -8], "size": [8, 8, 16], "uv": [0, 20]}
					]
				},
				{
					"name": "neck",
					"parent": "torso",
					"pivot": [0, 15.5, -5.5],
					"rotation": [5, 0, 0],
					"cubes": [
						{"origin": [-2.5, 14, -8], "size": [5, 11, 5], "uv": [48, 20]}
					]
				},
				{
					"name": "head",
					"parent": "neck",
					"pivot": [0, 25.5, -5.5],
					"cubes": [
						{"origin": [-3, 23.5, -9.25], "size": [6, 6, 7], "uv": [40, 44]},
						{"origin": [0, 29.5, -9], "size": [0, 6, 2], "pivot": [0, 29.5, -7.25], "rotation": [15, 0, 0], "uv": [76, 35]}
					]
				},
				{
					"name": "eyes",
					"parent": "head",
					"pivot": [0, 27.1, -7.15],
					"rotation": [10, 0, 0]
				},
				{
					"name": "eye_right",
					"parent": "eyes",
					"pivot": [-3, 27.1, -7.15],
					"cubes": [
						{"origin": [-3, 26.1, -8.65], "size": [0, 2, 3], "inflate": 0.01, "uv": [46, 96]}
					]
				},
				{
					"name": "eyelid_right",
					"parent": "eye_right",
					"pivot": [-2.4, 27.1, -7.15],
					"cubes": [
						{"origin": [-2.9, 26.1, -8.65], "size": [1, 2, 3], "inflate": 0.02, "uv": [12, 79]}
					]
				},
				{
					"name": "eye_left",
					"parent": "eyes",
					"pivot": [3, 27.1, -7.15],
					"cubes": [
						{"origin": [3, 26.1, -8.65], "size": [0, 2, 3], "inflate": 0.01, "uv": [80, 96]}
					]
				},
				{
					"name": "eyelid_left",
					"parent": "eye_left",
					"pivot": [2.4, 27.1, -7.15],
					"cubes": [
						{"origin": [1.9, 26.1, -8.65], "size": [1, 2, 3], "inflate": 0.02, "uv": [56, 95]}
					]
				},
				{
					"name": "muzzle",
					"parent": "head",
					"pivot": [0, 25.5, -9],
					"rotation": [5, 0, 0],
					"cubes": [
						{"origin": [-2, 24.5, -13], "size": [4, 3, 4], "uv": [70, 75]}
					]
				},
				{
					"name": "jaw",
					"parent": "muzzle",
					"pivot": [0, 24.25, -9.25],
					"rotation": [-2.5, 0, 0],
					"cubes": [
						{"origin": [-2, 23.5, -10], "size": [4, 1, 1], "uv": [94, 52]},
						{"origin": [-1.5, 23.5, -13], "size": [3, 1, 3], "uv": [94, 62]},
						{"origin": [-2, 22.75, -12.25], "size": [4, 1, 3], "inflate": 0.1, "uv": [90, 7]}
					]
				},
				{
					"name": "fire_mane_head",
					"parent": "head",
					"pivot": [0, 28.5, -3.65],
					"rotation": [10, 0, 0],
					"cubes": [
						{"origin": [-2, 27.5, -5.15], "size": [4, 5, 6], "uv": [58, 0]}
					]
				},
				{
					"name": "fire_mane_head_front",
					"parent": "fire_mane_head",
					"pivot": [0, 31.75, -5.15],
					"rotation": [45, 0, 0],
					"cubes": [
						{"origin": [-1.5, 31.75, -7.15], "size": [3, 0, 2], "uv": [94, 66]}
					]
				},
				{
					"name": "fire_mane_head_flame_top",
					"parent": "fire_mane_head",
					"pivot": [0, 32.25, -2.9],
					"rotation": [5, 0, 0],
					"cubes": [
						{"origin": [0, 32.25, -4.9], "size": [0, 4, 6], "inflate": 0.01, "uv": [0, 79]}
					]
				},
				{
					"name": "fire_mane_head_flame_right",
					"parent": "fire_mane_head",
					"pivot": [-2, 30.25, -4.9],
					"rotation": [0, 2.5, 0],
					"cubes": [
						{"origin": [-6, 30.25, -4.9], "size": [4, 0, 6], "inflate": 0.01, "uv": [68, 29]}
					]
				},
				{
					"name": "fire_mane_head_flame_left",
					"parent": "fire_mane_head",
					"pivot": [2, 30.25, -4.9],
					"rotation": [0, -2.5, 0],
					"cubes": [
						{"origin": [2, 30.25, -4.9], "size": [4, 0, 6], "inflate": 0.01, "uv": [0, 73]}
					]
				},
				{
					"name": "fire_mane_head_flame_bottom",
					"parent": "fire_mane_head",
					"pivot": [0, 28, -3.15],
					"cubes": [
						{"origin": [0, 24, -3.15], "size": [0, 4, 4], "inflate": 0.01, "uv": [94, 87]}
					]
				},
				{
					"name": "fire_mane_head2",
					"parent": "fire_mane_head",
					"pivot": [0, 32.5, 0.85],
					"cubes": [
						{"origin": [-1.5, 27.5, 0.85], "size": [3, 5, 6], "uv": [56, 63]}
					]
				},
				{
					"name": "fire_mane_head_flame_top2",
					"parent": "fire_mane_head2",
					"pivot": [0, 32.5, 6.85],
					"rotation": [2.5, 0, 0],
					"cubes": [
						{"origin": [0, 32.5, 0.85], "size": [0, 3, 6], "uv": [70, 82]}
					]
				},
				{
					"name": "fire_mane_head_flame_right2",
					"parent": "fire_mane_head2",
					"pivot": [-1.5, 30, 6.35],
					"rotation": [0, -2.5, 0],
					"cubes": [
						{"origin": [-4.5, 30, 1.35], "size": [3, 0, 5], "uv": [82, 11]}
					]
				},
				{
					"name": "fire_mane_head_flame_left2",
					"parent": "fire_mane_head2",
					"pivot": [1.5, 30, 6.35],
					"rotation": [0, 2.5, 0],
					"cubes": [
						{"origin": [1.5, 30, 1.35], "size": [3, 0, 5], "uv": [82, 82]}
					]
				},
				{
					"name": "fire_mane_head_flame_bottom2",
					"parent": "fire_mane_head2",
					"pivot": [0, 27.5, 1.85],
					"cubes": [
						{"origin": [0, 24.5, 0.85], "size": [0, 3, 6], "uv": [84, 16]}
					]
				},
				{
					"name": "fire_mane_head_flame",
					"parent": "fire_mane_head2",
					"pivot": [0, 30.5, 5.85],
					"cubes": [
						{"origin": [0, 26.5, 5.85], "size": [0, 7, 5], "inflate": 0.01, "uv": [46, 77]},
						{"origin": [-3.5, 30, 5.85], "size": [7, 0, 5], "inflate": 0.01, "uv": [58, 11]}
					]
				},
				{
					"name": "fire_mane_head_flame3",
					"parent": "fire_mane_head_flame",
					"pivot": [0, 30, 10.85],
					"cubes": [
						{"origin": [0, 27.5, 10.85], "size": [0, 6, 8], "uv": [40, 63]},
						{"origin": [-3, 30, 10.85], "size": [6, 0, 8], "uv": [48, 36]}
					]
				},
				{
					"name": "ear_right",
					"parent": "head",
					"pivot": [-2.25, 29, -5.75],
					"rotation": [-2.5, 25, -20],
					"cubes": [
						{"origin": [-3.75, 29, -5.75], "size": [3, 5, 0], "uv": [86, 96]}
					]
				},
				{
					"name": "ear_left",
					"parent": "head",
					"pivot": [2.25, 29, -5.75],
					"rotation": [-2.5, -25, 20],
					"cubes": [
						{"origin": [0.75, 29, -5.75], "size": [3, 5, 0], "uv": [24, 97]}
					]
				},
				{
					"name": "helmet",
					"parent": "head",
					"pivot": [0, 25.5, -5.5],
					"cubes": [
						{"origin": [-3.75, 23.25, -4.5], "size": [2, 4, 3], "inflate": 0.01, "uv": [46, 89]},
						{"origin": [-3.75, 23.25, -8.25], "size": [1, 2, 5], "pivot": [-3.75, 23.25, -5.25], "rotation": [12.5, 0, 0], "uv": [86, 75]},
						{"origin": [2.75, 23.25, -8.25], "size": [1, 2, 5], "pivot": [2.75, 23.25, -5.25], "rotation": [12.5, 0, 0], "uv": [88, 25]},
						{"origin": [1.75, 23.25, -4.5], "size": [2, 4, 3], "inflate": 0.01, "uv": [10, 94]},
						{"origin": [-3.5, 22.5, -9.5], "size": [7, 2, 3], "uv": [74, 63]}
					]
				},
				{
					"name": "fire_mane",
					"parent": "neck",
					"pivot": [0, 22, -3],
					"cubes": [
						{"origin": [0, 18, -3], "size": [0, 8, 2], "uv": [20, 94]}
					]
				},
				{
					"name": "tail",
					"parent": "torso",
					"pivot": [0, 18.5, 7.5],
					"cubes": [
						{"origin": [0, 14, 7.5], "size": [0, 9, 20], "uv": [0, 44]},
						{"origin": [-4.5, 18.5, 7.5], "size": [9, 0, 20], "uv": [0, 0]}
					]
				},
				{
					"name": "front_armor",
					"parent": "torso",
					"pivot": [0, 15.75, -1.75],
					"cubes": [
						{"origin": [-4, 18.75, -6.75], "size": [8, 1, 5], "uv": [40, 57]}
					]
				},
				{
					"name": "front_armor_movable",
					"parent": "front_armor",
					"pivot": [0, 15.75, -1.75],
					"cubes": [
						{"origin": [-4, 11.75, -9.25], "size": [8, 6, 1], "pivot": [1, 15.75, -8.25], "rotation": [-22.5, 0, 0], "uv": [74, 68]},
						{"origin": [-5, 13.75, -9.25], "size": [1, 5, 5], "pivot": [-5, 15.75, -8.25], "rotation": [-22.5, 0, 0], "uv": [82, 35]},
						{"origin": [4, 13.75, -9.25], "size": [1, 5, 5], "pivot": [4, 15.75, -8.25], "rotation": [-22.5, 0, 0], "uv": [82, 45]},
						{"origin": [4, 18.13896, -7.17807], "size": [1, 2, 3], "pivot": [5, 18.13896, -6.17807], "rotation": [-22.5, 0, 0], "uv": [94, 95]},
						{"origin": [-5, 18.13896, -7.17807], "size": [1, 2, 3], "pivot": [-4, 18.13896, -6.17807], "rotation": [-22.5, 0, 0], "uv": [96, 16]}
					]
				},
				{
					"name": "back_armor",
					"parent": "torso",
					"pivot": [0, 18.75, 5.25],
					"cubes": [
						{"origin": [-3, 18.75, 2.25], "size": [6, 1, 5], "uv": [66, 57]}
					]
				},
				{
					"name": "back_armor_movable",
					"parent": "back_armor",
					"pivot": [0, 18.75, 5.25],
					"cubes": [
						{"origin": [-5, 11.75, 8.25], "size": [4, 8, 1], "pivot": [-2, 15.75, 9.25], "rotation": [22.5, 0, 0], "uv": [36, 88]},
						{"origin": [1, 11.75, 8.25], "size": [4, 8, 1], "pivot": [2, 15.75, 9.25], "rotation": [22.5, 0, 0], "uv": [0, 89]},
						{"origin": [-1, 11.75, 8.25], "size": [2, 2, 1], "pivot": [0, 15.75, 9.25], "rotation": [22.5, 0, 0], "uv": [88, 32]},
						{"origin": [-6, 12.36732, 3.32612], "size": [1, 6, 6], "pivot": [-6, 15.36732, 8.32612], "rotation": [22.5, 0, 0], "uv": [20, 73]},
						{"origin": [5, 12.36732, 3.32612], "size": [1, 6, 6], "pivot": [5, 15.36732, 8.32612], "rotation": [22.5, 0, 0], "uv": [56, 74]},
						{"origin": [3, 17.88896, 3.42807], "size": [2, 3, 4], "pivot": [4, 17.88896, 7.42807], "rotation": [22.5, 0, 0], "uv": [88, 55]},
						{"origin": [-5, 17.88896, 3.42807], "size": [2, 3, 4], "pivot": [-4, 17.88896, 7.42807], "rotation": [22.5, 0, 0], "uv": [90, 0]}
					]
				},
				{
					"name": "leg_front_right",
					"parent": "body",
					"pivot": [-3.25, 13.75, -6],
					"cubes": [
						{"origin": [-4.75, 7.25, -7.5], "size": [3, 8, 3], "inflate": 0.01, "uv": [34, 77]}
					]
				},
				{
					"name": "leg_front_right2",
					"parent": "leg_front_right",
					"pivot": [-3.25, 7.25, -7.5],
					"cubes": [
						{"origin": [-4.75, 1.25, -7.5], "size": [3, 6, 3], "uv": [12, 85]}
					]
				},
				{
					"name": "leg_front_right_armor",
					"parent": "leg_front_right2",
					"pivot": [-4.75, 4.75, -5.75],
					"cubes": [
						{"origin": [-5.25, 2.75, -8], "size": [4, 4, 2], "uv": [68, 91]},
						{"origin": [-2.24, 3.75, -6.45], "size": [1, 2, 2], "uv": [34, 73]},
						{"origin": [-5.25, 3.75, -5.25], "size": [4, 2, 1], "inflate": -0.1, "uv": [58, 16]},
						{"origin": [-5.24, 3.75, -6.45], "size": [1, 2, 2], "uv": [96, 21]}
					]
				},
				{
					"name": "leg_front_right3",
					"parent": "leg_front_right2",
					"pivot": [-3.25, 1.25, -6],
					"cubes": [
						{"origin": [-4.75, 0, -7.75], "size": [3, 2, 3], "inflate": 0.02, "uv": [94, 32]}
					],
					"locators": {
						"gas2": {
							"offset": [-3.25, 1, -5.5],
							"rotation": [90, 0, 0]
						}
					}
				},
				{
					"name": "leg_front_left",
					"parent": "body",
					"pivot": [3.25, 13.75, -6],
					"cubes": [
						{"origin": [1.75, 7.25, -7.5], "size": [3, 8, 3], "inflate": 0.01, "uv": [78, 0]}
					]
				},
				{
					"name": "leg_front_left2",
					"parent": "leg_front_left",
					"pivot": [3.25, 7.25, -7.5],
					"cubes": [
						{"origin": [1.75, 1.25, -7.5], "size": [3, 6, 3], "uv": [56, 86]}
					]
				},
				{
					"name": "leg_front_left_armor",
					"parent": "leg_front_left2",
					"pivot": [4.75, 4.75, -5.75],
					"cubes": [
						{"origin": [1.25, 2.75, -8], "size": [4, 4, 2], "uv": [92, 68]},
						{"origin": [4.24, 3.75, -6.45], "size": [1, 2, 2], "uv": [30, 97]},
						{"origin": [1.25, 3.75, -5.25], "size": [4, 2, 1], "inflate": -0.1, "uv": [24, 85]},
						{"origin": [1.26, 3.75, -6.45], "size": [1, 2, 2], "uv": [36, 97]}
					]
				},
				{
					"name": "leg_front_left3",
					"parent": "leg_front_left2",
					"pivot": [3.25, 1.25, -6],
					"cubes": [
						{"origin": [1.75, 0, -7.75], "size": [3, 2, 3], "inflate": 0.02, "uv": [94, 37]}
					],
					"locators": {
						"gas": {
							"offset": [3.25, 1, -5.5],
							"rotation": [90, 0, 0]
						}
					}
				},
				{
					"name": "leg_back_right",
					"parent": "body",
					"pivot": [-3.5, 13, 5],
					"rotation": [2.5, 0, 0],
					"cubes": [
						{"origin": [-5, 7, 2.5], "size": [3, 8, 5], "inflate": 0.01, "uv": [66, 44]}
					]
				},
				{
					"name": "leg_back_right2",
					"parent": "leg_back_right",
					"pivot": [-3.5, 7, 7.5],
					"rotation": [-7.5, 0, 0],
					"cubes": [
						{"origin": [-5, 1, 5], "size": [3, 6, 3], "uv": [82, 87]}
					]
				},
				{
					"name": "leg_back_right_fire",
					"parent": "leg_back_right2",
					"pivot": [-5, 4.75, 6.5],
					"rotation": [12.5, -10, -2.5]
				},
				{
					"name": "leg_back_right3",
					"parent": "leg_back_right2",
					"pivot": [-3.5, 1, 6.5],
					"rotation": [5, 0, 0],
					"cubes": [
						{"origin": [-5, -0.25, 4.75], "size": [3, 2, 3], "inflate": 0.02, "uv": [94, 42]}
					],
					"locators": {
						"gas3": {
							"offset": [-3.5, 1, 7],
							"rotation": [90, 0, 0]
						}
					}
				},
				{
					"name": "leg_back_left",
					"parent": "body",
					"pivot": [3.5, 13, 5],
					"rotation": [2.5, 0, 0],
					"cubes": [
						{"origin": [2, 7, 2.5], "size": [3, 8, 5], "inflate": 0.01, "uv": [68, 16]}
					]
				},
				{
					"name": "leg_back_left2",
					"parent": "leg_back_left",
					"pivot": [3.5, 7, 7.5],
					"rotation": [-7.5, 0, 0],
					"cubes": [
						{"origin": [2, 1, 5], "size": [3, 6, 3], "uv": [24, 88]}
					]
				},
				{
					"name": "leg_back_left_fire",
					"parent": "leg_back_left2",
					"pivot": [5, 4.75, 6.5],
					"rotation": [12.5, 10, 2.5]
				},
				{
					"name": "leg_back_left3",
					"parent": "leg_back_left2",
					"pivot": [3.5, 1, 6.5],
					"rotation": [5, 0, 0],
					"cubes": [
						{"origin": [2, -0.25, 4.75], "size": [3, 2, 3], "inflate": 0.02, "uv": [94, 47]}
					],
					"locators": {
						"gas4": {
							"offset": [3.5, 1, 7],
							"rotation": [90, 0, 0]
						}
					}
				}
			]
		}
	]
}