{
    "target": "cobblemon:rapidash",
    "forms":[
        {
            "implemented": true,
            "name": "Cheseian",
            "nationalPokedexNumber": 601,
            "primaryType": "steel",
            "secondaryType": "ghost",
            "abilities": [
                "stalwart",
                "steelworker",
                "h:filter"
            ],
            "baseStats": {
                "hp": 100,
                "attack": 130,
                "defence": 120,
                "special_attack": 20,
                "special_defence": 100,
                "speed": 50
            },
            "catchRate": 55,
            "maleRatio": -0.25,
            "shoulderMountable": false,
            "baseExperienceYield": 360,
            "experienceGroup": "medium_slow",
            "eggCycles": 20,
            "eggGroups": [
                "field",
                "mineral"
            ],
            "behaviour": {
              "moving": {
                "walk": {
                  "walkSpeed": 0.2
                }
              },
              "resting": {
                "canSleep": true,
                "willSleepOnBed": false,
                "depth": "normal",
                "light": "10-15"
              }
            },          
            "moves": [
                "1:tackle",
                "1:bind",
                "1:irondefense",
                "1:taunt",
                "3:metalclaw",
                "5:shadowclaw",
                "7:ironhead",
                "9:phantomforce",
                "10:hornattack",
                "12:curse",
                "16:gyroball",
                "19:heavyslam",
                "21:shadowforce",
                "23:spite",
                "25:wideguard",
                "32:stealthrock",
                "35:willowisp",
                "36:protect",
                "43:metalburst",
                "45:highhorsepower",
                "47:bulkup",
                "49:rockslide",
                "51:bodypress",
                "53:poltergeist",
                "55:ironhead",
                "57:earthquake",
                "59:horndrill",
                "61:shadowsneak",
                "65:painsplit",
                "70:steelbeam",
                "tm:protect",
                "tm:irondefense",
                "tm:shadowclaw",
                "tm:ironhead",
                "tm:drainpunch",
                "tm:bodypress",
                "tm:gyroball",
                "tm:bulkup",
                "tm:stealthrock",
                "tm:willowisp",
                "tm:taunt",
                "tm:haze",
                "tm:allyswitch",
                "tutor:phantomforce"
            ],
            "labels": [
              "gen1",
              "cheseian"
            ],
            "pokedex": [
              "cobblemon.species.rapdiash_cheseian.desc"
            ],
            "aspects": [
              "cheseian"
            ],
            "evolutions": [
            ],
            "baseScale": 1.2,
            "hitbox": {
                "width": 0.9,
                "height": 2,
                "fixed": false
            },
            "baseFriendship": 50,
            "evYield": {
                "hp": 0,
                "attack": 0,
                "defence": 3,
                "special_attack": 0,
                "special_defence": 0,
                "speed": 0
            },
            "height": 17,
            "weight": 1600,
            "cannotDynamax": false
        }
    ]
}