{
	"format_version": "1.8.0",
	"animations": {
		"animation.cofagrigus.ground_idle": {
			"loop": true,
			"bones": {
				"arm_topright": {
					"rotation": [-15, 20, "-17.5+Math.cos((query.anim_time) * 90 * 1) * -4"]
				},
				"arm_topright2": {
					"rotation": [0, -42.5, "97.5+Math.cos((query.anim_time) * 90 * 1 - 80) * -6"],
					"position": [0, -0.75, 0.5]
				},
				"arm_topright3": {
					"rotation": [22.5, "-80+Math.cos((query.anim_time) * 90 * 1 - 130) * -6", -50],
					"position": [0, 0, 0.75]
				},
				"arm_topright4": {
					"rotation": [-5, "110+Math.cos((query.anim_time) * 90 * 1 - 190) * -3", 17.5],
					"position": [1.25, 0, 0]
				},
				"hand_topright": {
					"rotation": [-35, -10, "17.5+Math.cos((query.anim_time) * 90 * 1 - 120) * 5"]
				},
				"finger_topright_index": {
					"rotation": [0, 0, 30]
				},
				"finger_topright_middle": {
					"rotation": [0, 0, 10]
				},
				"finger_topright_ring": {
					"rotation": [0, 0, -5]
				},
				"finger_topright_pinky": {
					"rotation": [0, 0, -25]
				},
				"thumb_topright": {
					"rotation": [0, 0, 55]
				},
				"thumb_topright2": {
					"rotation": [0, 0, 12.5]
				},
				"arm_bottomright": {
					"rotation": [0, 17.5, "-47.5+Math.cos((query.anim_time) * 90 * 1 - 50) * -2"]
				},
				"arm_bottomright2": {
					"rotation": [0, -17.5, "57.5+Math.cos((query.anim_time) * 90 * 1 - 100) * -5"],
					"position": [0.75, -0.25, 0]
				},
				"arm_bottomright3": {
					"rotation": [0, 0, "82.5+Math.cos((query.anim_time) * 90 * 1 - 180) * -5"],
					"position": [0, -0.75, 0]
				},
				"arm_bottomright4": {
					"rotation": [-10.69112, -20.79154, "-97.9221+Math.cos((query.anim_time) * 90 * 1 - 220) * -5"],
					"position": [1, 0, 0]
				},
				"hand_bottomright": {
					"rotation": [1, -19.5, "68.5+Math.cos((query.anim_time) * 90 * 1 - 150) * 10"]
				},
				"finger_bottomright_index": {
					"rotation": [0, 0, 22.5]
				},
				"finger_bottomright_middle": {
					"rotation": [0, 0, 5]
				},
				"finger_bottomright_ring": {
					"rotation": [0, 0, -10]
				},
				"finger_bottomright_pinky": {
					"rotation": [0, 0, -25]
				},
				"thumb_bottomright": {
					"rotation": [0, 0, 37.5]
				},
				"thumb_bottomright2": {
					"rotation": [0, 0, 17.5]
				},
				"arm_bottomleft": {
					"rotation": [0, 0, "55+Math.cos((query.anim_time) * 90 * 1 - 50) * -2"]
				},
				"arm_bottomleft2": {
					"rotation": [0, 0, "-62.5+Math.cos((query.anim_time) * 90 * 1 - 100) * -5"],
					"position": [-0.75, -0.5, 0]
				},
				"arm_bottomleft3": {
					"rotation": [0, 0, "-70+Math.cos((query.anim_time) * 90 * 1 - 180) * -5"],
					"position": [-1.25, -0.25, 0]
				},
				"arm_bottomleft4": {
					"rotation": [-15, 18, "90+Math.cos((query.anim_time) * 90 * 1 - 220) * -5"],
					"position": [0, 1.25, 0.5]
				},
				"hand_bottomleft": {
					"rotation": [1, 19.5, "-68.5+Math.cos((query.anim_time) * 90 * 1 - 150) * 10"]
				},
				"finger_bottomleft_index": {
					"rotation": [0, 0, -27.5]
				},
				"finger_bottomleft_middle": {
					"rotation": [0, 0, -10]
				},
				"finger_bottomleft_ring": {
					"rotation": [0, 0, 10]
				},
				"finger_bottomleft_pinky": {
					"rotation": [0, 0, 30]
				},
				"thumb_bottomleft": {
					"rotation": [0, 0, -47.5]
				},
				"thumb_bottomleft2": {
					"rotation": [0, 0, -20]
				},
				"arm_topleft": {
					"rotation": [1, -7.5, "-20+Math.cos((query.anim_time) * 90 * 1) * -4"],
					"position": [0, -2.25, 0]
				},
				"arm_topleft2": {
					"rotation": [14.5, 35, "82+Math.cos((query.anim_time) * 90 * 1 - 80) * -6"],
					"position": [-1, 0.25, 0]
				},
				"arm_topleft3": {
					"rotation": [2.5, -14, "-130.5+Math.cos((query.anim_time) * 90 * 1 - 130) * -6"]
				},
				"arm_topleft4": {
					"rotation": [13, 38, "80+Math.cos((query.anim_time) * 90 * 1 - 190) * -3"],
					"position": [0, 0.75, 0]
				},
				"hand_topleft": {
					"rotation": [46, 10, "-48.5+Math.cos((query.anim_time) * 90 * 1 - 120) * 5"]
				},
				"finger_topleft_index": {
					"rotation": [0, 0, -30]
				},
				"finger_topleft_middle": {
					"rotation": [0, 0, -10]
				},
				"finger_topleft_ring": {
					"rotation": [0, 0, 15]
				},
				"finger_topleft_pinky": {
					"rotation": [0, 0, 32.5]
				},
				"thumb_topleft": {
					"rotation": [0, 0, -50]
				},
				"thumb_topleft2": {
					"rotation": [0, 0, -20]
				},
				"body": {
					"rotation": ["-2.5+Math.cos((query.anim_time) * 90 * 0.5 - 90) * 2", 0, "-2.5+Math.cos((query.anim_time) * 90 * 1 - 90) * 1"],
					"position": [0, "0+Math.cos((query.anim_time) * 90 * 1) * 0.6", 0]
				}
			}
		},
		"animation.cofagrigus.faint": {
			"loop": true,
			"animation_length": 3,
			"bones": {
				"body": {
					"rotation": {
						"0.0": [0, 0, 0],
						"0.2083": [0, 222.115, 0],
						"0.3333": [9.5, 285.71, 0],
						"0.5": [11.75, 327.01, 0],
						"0.625": [12.5, 347, 0],
						"0.7917": [12.5, 357.75, 0],
						"0.9167": [11, 360, 0],
						"1.0833": [-11.5, 360, 0],
						"1.25": [-9.75, 360, 0],
						"1.375": [-11.5, 360, 0],
						"1.5": [-11.75, 360, 0],
						"1.625": [-13.5, 360, 0],
						"1.7083": [-17, 360, 5.75],
						"1.8333": [-26.5, 360, 7],
						"1.9583": [-44, 360, 7.5],
						"2.0": [-44, 360, 7.5],
						"2.0833": [-91.5, 360, 0],
						"2.1667": [-82, 360, -2.95],
						"2.25": [-91.25, 360, 2.25],
						"2.4167": [-90.75, 360, -0.75],
						"2.5417": [-90.75, 360, 0.25],
						"2.6667": [-90.75, 360, 0.15]
					},
					"position": {
						"0.0": [0, 0, 0],
						"0.0417": [0, -5.26, -0.88],
						"0.2083": [0, 9.93, 4.36],
						"0.4167": [0, 13.22, 7.06],
						"0.625": [0, "16.725+Math.cos((query.anim_time) * 90 * 36) * 1.5", 8],
						"0.75": [0, "15.925+Math.cos((query.anim_time) * 90 * 36) * 1.5", 8],
						"0.875": [0, "16.75+Math.cos((query.anim_time) * 90 * 36) * 0.5", 8],
						"0.9583": [0, "15.75+Math.cos((query.anim_time) * 90 * 36) * 0.2", 8],
						"1.0417": [0, 24.75, 8],
						"1.125": [0, 27.875, 8],
						"1.2083": [0, 22.5, 8],
						"1.25": [0, 21.5, 8],
						"1.3333": [0, 28.25, 8],
						"1.4167": [0, 30.35, 8],
						"1.5": [0, 22.5, 8],
						"1.5417": [0, 21.5, 8],
						"1.625": [0, "35.75+Math.cos((query.anim_time) * 90 * 36) * 0.3", 8],
						"1.7083": [0, "40+Math.cos((query.anim_time) * 90 * 36) * 1.5", 8],
						"1.8333": [0, "36+Math.cos((query.anim_time) * 90 * 36) * 1.7", 8],
						"1.9167": [0, "27.5+Math.cos((query.anim_time) * 90 * 36) * 0.8", 8],
						"2.0": [0, -5, 8],
						"2.0833": [0, -19.5, 21],
						"2.1667": [-0.75, -16.75, 24.25],
						"2.2917": [0.5, -18.825, 25.5],
						"2.4167": [-0.025, -18.825, 25.65]
					}
				},
				"shadow_body": {
					"scale": {
						"2.0833": [1, 1, 1],
						"2.1667": [0.6, 0.6, 0.6],
						"2.3333": [0.4, 0.4, 0.1]
					}
				},
				"thing_right": {
					"position": {
						"0.0": [0, 0, 0],
						"0.125": [1.7, 0, 0],
						"0.9167": [1.7, 0, 0],
						"1.0": [0, 0, 0],
						"2.0": [0, 0, 0],
						"2.0833": [1.7, 0, 0]
					}
				},
				"shadow_thing_right": {
					"scale": {
						"2.0833": [1, 1, 1],
						"2.1667": [0.6, 0.6, 0.6],
						"2.3333": [0.4, 0.4, 0.1]
					}
				},
				"close_trickery_right": {
					"position": {
						"0.0": [0, 0, 0],
						"0.125": [2, 0, 0],
						"0.9167": [2, 0, 0],
						"1.0": [0, 0, 0],
						"2.0": [0, 0, 0],
						"2.0833": [2, 0, 0]
					}
				},
				"thing_top": {
					"position": {
						"0.0": [0, 0, 0],
						"0.125": [0, -1.5, 0],
						"0.9167": [0, -1.5, 0],
						"1.0": [0, 0, 0],
						"2.0": [0, 0, 0],
						"2.0833": [0, -1.5, 0]
					}
				},
				"shadow_thing_top": {
					"scale": {
						"2.0833": [1, 1, 1],
						"2.1667": [0.6, 0.6, 0.6],
						"2.3333": [0.4, 0.4, 0.1]
					}
				},
				"face": {
					"position": {
						"0.0": [0, 0, 0],
						"0.125": [0, -1.4, 0],
						"0.9167": [0, -1.4, 0],
						"1.0": [0, 0, 0],
						"2.0": [0, 0, 0],
						"2.0833": [0, -1.4, 0]
					}
				},
				"thing_left": {
					"position": {
						"0.0": [0, 0, 0],
						"0.125": [-1.7, 0, 0],
						"0.9167": [-1.7, 0, 0],
						"1.0": [0, 0, 0],
						"2.0": [0, 0, 0],
						"2.0833": [-1.7, 0, 0]
					}
				},
				"shadow_thing_left": {
					"scale": {
						"2.0833": [1, 1, 1],
						"2.1667": [0.6, 0.6, 0.6],
						"2.3333": [0.4, 0.4, 0.1]
					}
				},
				"close_trickery_left": {
					"position": {
						"0.0": [0, 0, 0],
						"0.125": [-2, 0, 0],
						"0.9167": [-2, 0, 0],
						"1.0": [0, 0, 0],
						"2.0": [0, 0, 0],
						"2.0833": [-2, 0, 0]
					}
				},
				"chin": {
					"position": {
						"0.0": [0, 0, 0],
						"0.125": [0, 1, 0],
						"0.9167": [0, 1, 0],
						"1.0": [0, 0, 0],
						"2.0": [0, 0, 0],
						"2.0833": [0, 1, 0]
					}
				},
				"mouths": {
					"position": {
						"0.0": [0, 0, 0],
						"0.125": [0, 0, 0.25],
						"0.9167": [0, 0, 0.25],
						"1.0": [0, 0, 0],
						"2.0": [0, 0, 0],
						"2.0833": [0, 0, 0.25]
					}
				},
				"mouth_open": {
					"position": {
						"0.9583": [0, 0, 0],
						"1.0": [0, 0, -0.125],
						"1.9167": [0, 0, -0.125],
						"1.9583": [0, 0, 0]
					},
					"scale": {
						"0.875": [1, 1, 1],
						"0.9583": [1, "1+Math.cos((query.anim_time) * 90 * 12) * 0.5", 1]
					}
				},
				"arm_topright": {
					"rotation": {
						"0.0": [0, -10, 37.5],
						"1.0": [0, -10, 37.5],
						"1.0417": [0, -6.22, "7.97+Math.cos((query.anim_time) * 90 * 16 - 10) * 15"],
						"1.625": [0, -4.5, "11+Math.cos((query.anim_time) * 90 * 16 - 10) * 15"],
						"1.75": [0, -4.5, 35],
						"1.9167": [0, -4.5, 35],
						"2.0417": [0, -67.5, 35],
						"2.125": [0, 0, 0]
					},
					"position": {
						"1.0": [0, 0, 0],
						"1.125": [0, 2.5, 0],
						"1.1667": [0, 2.355, 0],
						"1.25": [0, -1.5, 0],
						"1.4167": [0, 2.5, 0],
						"1.4583": [0, 2.355, 0],
						"1.5833": [0, -1.5, 0],
						"1.75": [0, 2.5, 0],
						"1.7917": [0, 2.355, 0]
					},
					"scale": {
						"0.0": [1, 1, 1],
						"0.1667": [0.01, 0.01, 0.01],
						"0.9167": [0.01, 0.01, 0.01],
						"1.0": [0.625, 0.625, 0.625],
						"1.0417": [0.9425, 0.9425, 0.9425],
						"1.0833": [
							"1+Math.cos((query.anim_time) * 90 * 12) * 0.2",
							"1+Math.cos((query.anim_time) * 90 * 12) * 0.2",
							"1+Math.cos((query.anim_time) * 90 * 12) * 0.2"
						],
						"1.5": [0.9825, 0.9825, 0.9825],
						"1.5417": [0.9825, 0.9825, 0.9825],
						"1.625": [0.9875, 1.7875, 0.9875],
						"1.6667": [0.9825, 0.9825, 0.9825],
						"1.9167": [1.0075, 1.0075, 1.0075],
						"2.0": [0.9913, 1.6913, 0.9913],
						"2.0417": [1, 1, 1],
						"2.125": [0.01, 0.01, 0.01]
					}
				},
				"arm_topright2": {
					"rotation": [0, 0, 45]
				},
				"arm_topright3": {
					"rotation": {
						"0.0": [17.90975, 4.62574, -115.73821],
						"1.0": [17.90975, 4.62574, -115.73821],
						"1.0417": [0, -12.5, -117.5],
						"1.125": [0, -12.5, "-117.5+Math.cos((query.anim_time) * 90 * 16 + 90) * 15"],
						"1.5417": [0, -12.5, "-147.5+Math.cos((query.anim_time) * 90 * 16 + 90) * 15"],
						"1.75": [0, -12.5, "-117.5+Math.cos((query.anim_time) * 90 * 16 + 90) * -15"],
						"1.875": [0, -12.5, -126.5],
						"1.9583": [0, -12.5, -133],
						"2.0417": [0, 0, -148]
					}
				},
				"arm_topright4": {
					"rotation": {
						"0.0": [0, -12.5, 54.5],
						"1.0417": [0, -12.5, 54.5],
						"1.125": [0, -12.5, "54.5+Math.cos((query.anim_time) * 90 * 16 - 30) * 15"],
						"1.75": [0, -12.5, "61.25+Math.cos((query.anim_time) * 90 * 16 - 30) * 15"],
						"1.875": [0, -12.5, 102],
						"1.9583": [0, -12.5, 95.5],
						"2.0417": [0, 0, 44.5]
					}
				},
				"hand_topright": {
					"rotation": {
						"0.0": [23, -24, 57.5],
						"1.0833": [23, -24, 57.5],
						"1.125": [23, -24, "42.5+Math.cos((query.anim_time) * 90 * 16 - 110) * 60"],
						"1.8333": [23, -24, "17.5+Math.cos((query.anim_time) * 90 * 16 - 110) * 30"],
						"1.9583": [23, -24, 57.5]
					}
				},
				"finger_topright_index": {
					"rotation": [0, 0, 35]
				},
				"finger_topright_index2": {
					"rotation": {
						"0.0": [0, -40, 0],
						"1.7917": [0, -40, 0],
						"1.875": [0, 5, 0]
					}
				},
				"finger_topright_middle": {
					"rotation": [0, 0, 12.5]
				},
				"finger_topright_middle2": {
					"rotation": {
						"0.0": [0, -40, 0],
						"1.7917": [0, -40, 0],
						"1.875": [0, 5, 0]
					}
				},
				"finger_topright_ring": {
					"rotation": [0, 0, -5]
				},
				"finger_topright_ring2": {
					"rotation": {
						"0.0": [0, -40, 0],
						"1.7917": [0, -40, 0],
						"1.875": [0, 5, 0]
					}
				},
				"finger_topright_pinky": {
					"rotation": [0, 0, -22.5]
				},
				"finger_topright_pinky2": {
					"rotation": {
						"0.0": [0, -40, 0],
						"1.7917": [0, -40, 0],
						"1.875": [0, 5, 0]
					}
				},
				"thumb_topright": {
					"rotation": [1.64554, 0.61089, 39.69074]
				},
				"thumb_topright2": {
					"rotation": [0, 0, 20]
				},
				"arm_bottomright": {
					"rotation": {
						"0.0": [0, 0, -60],
						"1.0": [0, -10, -55.5],
						"1.125": [0, -21.67, -83.33],
						"1.25": [0, -27.5, -63.5],
						"1.3333": [0, -27.5, -87.25],
						"1.5": [0, -27.5, -68.25],
						"1.7083": [0, -27.5, -84.5],
						"1.8333": [0, -27.5, -65.5],
						"2.0": [47.5, -27.5, -58],
						"2.1667": [0, -67.5, -58],
						"2.25": [0, 0, -93]
					},
					"position": {
						"1.0417": [0, 0, 0],
						"1.1667": [0, 2.5, 0],
						"1.2083": [0, 2.355, 0],
						"1.2917": [0, -1.5, 0],
						"1.4583": [0, 2.5, 0],
						"1.5": [0, 2.355, 0],
						"1.625": [0, -1.5, 0],
						"1.7917": [0, 2.5, 0],
						"1.8333": [0, 2.355, 0]
					},
					"scale": {
						"0.0": [1, 1, 1],
						"0.1667": [0.01, 0.01, 0.01],
						"0.9167": [0.01, 0.01, 0.01],
						"1.0": [0.625, 0.625, 0.625],
						"1.0417": [0.9425, 0.9425, 0.9425],
						"1.0833": [
							"1+Math.cos((query.anim_time) * 90 * 12 - 45) * 0.2",
							"1+Math.cos((query.anim_time) * 90 * 12 - 45) * 0.2",
							"1+Math.cos((query.anim_time) * 90 * 12 - 45) * 0.2"
						],
						"1.5": [0.9825, 0.9825, 0.9825],
						"1.5833": [0.9825, 0.9825, 0.9825],
						"1.6667": [1.4675, 0.9925, 0.9925],
						"1.7083": [0.9825, 0.9825, 0.9825],
						"1.9167": [1.0075, 1.0075, 1.0075],
						"2.0": [0.9913, 1.6913, 0.9913],
						"2.0417": [1, 1, 1],
						"2.125": [0.01, 0.01, 0.01]
					}
				},
				"arm_bottomright2": {
					"rotation": {
						"0.0": [0, 0, 62.5],
						"1.0417": [0, 0, 62.5],
						"1.125": [0, 0, 40],
						"1.625": [0, 0, 40],
						"1.8333": [0, 0, 62.5]
					}
				},
				"arm_bottomright3": {
					"rotation": {
						"0.0": [0, 0, 62.5],
						"1.0": [17.90975, -4.62574, 62.73821],
						"1.0417": [0, 12.5, 33.5],
						"1.125": [0, 12.5, "33.5+Math.cos((query.anim_time) * 90 * 16 + 150) * -15"],
						"1.5417": [0, 12.5, "63.5+Math.cos((query.anim_time) * 90 * 16 + 150) * -15"],
						"1.75": [0, 12.5, "52.75+Math.cos((query.anim_time) * 90 * 16 + 150) * -15"],
						"1.875": [0, 12.5, 64.25]
					}
				},
				"arm_bottomright4": {
					"rotation": {
						"0.0": [0, 0, -85],
						"1.0417": [0, -0.1, -86.5],
						"1.125": [0, -0.1, "-58.75+Math.cos((query.anim_time) * 90 * 16 + 90) * -15"],
						"1.75": [0, -0.1, "-31.75+Math.cos((query.anim_time) * 90 * 16 + 90) * -15"],
						"1.875": [0, -0.1, -39],
						"1.9583": [0, -0.1, -45.5],
						"2.0417": [0, 12.4, -96.5]
					}
				},
				"hand_bottomright": {
					"rotation": {
						"0.0": [0, -40.25, 72.5],
						"1.125": [23, -24, 73.5],
						"1.1667": [23, -24, "58.5+Math.cos((query.anim_time) * 90 * 16 - 140) * 60"],
						"1.875": [23, -24, "33.5+Math.cos((query.anim_time) * 90 * 16 - 140) * 30"],
						"1.9167": [0, -40.25, 80],
						"2.0": [23, -24, 73.5]
					}
				},
				"finger_bottomright_index": {
					"rotation": [0, 0, 37.5]
				},
				"finger_bottomright_index2": {
					"rotation": {
						"0.0": [0, -40, 0],
						"1.7917": [0, -40, 0],
						"1.875": [0, 5, 0]
					}
				},
				"finger_bottomright_middle": {
					"rotation": [0, 0, 12.5]
				},
				"finger_bottomright_middle2": {
					"rotation": {
						"0.0": [0, -40, 0],
						"1.7917": [0, -40, 0],
						"1.875": [0, 5, 0]
					}
				},
				"finger_bottomright_ring": {
					"rotation": [0, 0, -7.5]
				},
				"finger_bottomright_ring2": {
					"rotation": {
						"0.0": [0, -40, 0],
						"1.7917": [0, -40, 0],
						"1.875": [0, 5, 0]
					}
				},
				"finger_bottomright_pinky": {
					"rotation": [0, 0, -35]
				},
				"finger_bottomright_pinky2": {
					"rotation": {
						"0.0": [0, -40, 0],
						"1.7917": [0, -40, 0],
						"1.875": [0, 5, 0]
					}
				},
				"thumb_bottomright": {
					"rotation": [0, 0, 47.5]
				},
				"thumb_bottomright2": {
					"rotation": [0, 0, 32.5]
				},
				"arm_topleft": {
					"rotation": {
						"0.0": [0, 10, -37.5],
						"1.0": [0, 10, -37.5],
						"1.0417": [0, 6.22, "-7.97+Math.cos((query.anim_time) * 90 * 16 - 10) * -15"],
						"1.625": [0, 4.5, "-11+Math.cos((query.anim_time) * 90 * 16 - 10) * -15"],
						"1.75": [0, 4.5, -35],
						"1.9167": [0, 4.5, -35],
						"2.0417": [0, 67.5, -35],
						"2.125": [0, 0, 0]
					},
					"position": {
						"1.0": [0, 0, 0],
						"1.125": [0, 2.5, 0],
						"1.1667": [0, 2.355, 0],
						"1.25": [0, -1.5, 0],
						"1.4167": [0, 2.5, 0],
						"1.4583": [0, 2.355, 0],
						"1.5833": [0, -1.5, 0],
						"1.75": [0, 2.5, 0],
						"1.7917": [0, 2.355, 0]
					},
					"scale": {
						"0.0": [1, 1, 1],
						"0.1667": [0.01, 0.01, 0.01],
						"0.9167": [0.01, 0.01, 0.01],
						"1.0": [0.625, 0.625, 0.625],
						"1.0417": [0.9425, 0.9425, 0.9425],
						"1.0833": [
							"1+Math.cos((query.anim_time) * 90 * 12) * 0.2",
							"1+Math.cos((query.anim_time) * 90 * 12) * 0.2",
							"1+Math.cos((query.anim_time) * 90 * 12) * 0.2"
						],
						"1.5": [0.9825, 0.9825, 0.9825],
						"1.5417": [0.9825, 0.9825, 0.9825],
						"1.625": [0.9875, 1.7875, 0.9875],
						"1.6667": [0.9825, 0.9825, 0.9825],
						"1.9167": [1.0075, 1.0075, 1.0075],
						"2.0": [0.9913, 1.6913, 0.9913],
						"2.0417": [1, 1, 1],
						"2.125": [0.01, 0.01, 0.01]
					}
				},
				"arm_topleft2": {
					"rotation": [0, 0, 92.5]
				},
				"arm_topleft3": {
					"rotation": {
						"0.0": [17.90975, -4.62574, -130.26179],
						"1.0": [17.90975, -4.62574, -130.26179],
						"1.0417": [0, 12.5, -128.5],
						"1.125": [0, 12.5, "-128.5+Math.cos((query.anim_time) * 90 * 16 + 90) * -15"],
						"1.5417": [0, 12.5, "-98.5+Math.cos((query.anim_time) * 90 * 16 + 90) * -15"],
						"1.75": [0, 12.5, "-128.5+Math.cos((query.anim_time) * 90 * 16 + 90) * -15"],
						"1.875": [0, 12.5, -119.5],
						"1.9583": [0, 12.5, -113],
						"2.0417": [0, 0, -98]
					}
				},
				"arm_topleft4": {
					"rotation": {
						"0.0": [0, 12.5, 62.5],
						"1.0417": [0, 12.5, 62.5],
						"1.125": [0, 12.5, "62.5+Math.cos((query.anim_time) * 90 * 16 - 30) * -15"],
						"1.75": [0, 12.5, "55.75+Math.cos((query.anim_time) * 90 * 16 - 30) * -15"],
						"1.875": [0, 12.5, 15],
						"1.9583": [0, 12.5, 21.5],
						"2.0417": [0, 0, 72.5]
					}
				},
				"hand_topleft": {
					"rotation": {
						"0.0": [23, 24, -57.5],
						"1.0833": [23, 24, -57.5],
						"1.125": [23, 24, "-42.5+Math.cos((query.anim_time) * 90 * 16 - 110) * -60"],
						"1.8333": [23, 24, "-17.5+Math.cos((query.anim_time) * 90 * 16 - 110) * -30"],
						"1.9583": [23, 24, -57.5]
					}
				},
				"finger_topleft_index": {
					"rotation": [0, 0, -35]
				},
				"finger_topleft_index2": {
					"rotation": {
						"0.0": [0, 30, 0],
						"1.7917": [0, 29, 0],
						"1.875": [0, -2, 0]
					}
				},
				"finger_topleft_middle": {
					"rotation": [0, 0, -12.5]
				},
				"finger_topleft_middle2": {
					"rotation": {
						"0.0": [0, 30, 0],
						"1.7917": [0, 29, 0],
						"1.875": [0, -2, 0]
					}
				},
				"finger_topleft_ring": {
					"rotation": [0, 0, 5]
				},
				"finger_topleft_ring2": {
					"rotation": {
						"0.0": [0, 30, 0],
						"1.7917": [0, 29, 0],
						"1.875": [0, -2, 0]
					}
				},
				"finger_topleft_pinky": {
					"rotation": [0, 0, 22.5]
				},
				"finger_topleft_pinky2": {
					"rotation": {
						"0.0": [0, 30, 0],
						"1.7917": [0, 29, 0],
						"1.875": [0, -2, 0]
					}
				},
				"thumb_topleft": {
					"rotation": [1.64554, -0.61089, -39.69074]
				},
				"thumb_topleft2": {
					"rotation": [0, 0, -20]
				},
				"arm_bottomleft": {
					"rotation": {
						"0.0": [0, 0, 60],
						"1.0": [0, 10, 55.5],
						"1.125": [0, 21.67, 83.33],
						"1.25": [0, 27.5, 63.5],
						"1.3333": [0, 27.5, 87.25],
						"1.5": [0, 27.5, 68.25],
						"1.7083": [0, 27.5, 84.5],
						"1.8333": [0, 27.5, 65.5],
						"2.0": [47.5, 27.5, 58],
						"2.1667": [0, 67.5, 58],
						"2.25": [0, 0, 93]
					},
					"position": {
						"1.0417": [0, 0, 0],
						"1.1667": [0, 2.5, 0],
						"1.2083": [0, 2.355, 0],
						"1.2917": [0, -1.5, 0],
						"1.4583": [0, 2.5, 0],
						"1.5": [0, 2.355, 0],
						"1.625": [0, -1.5, 0],
						"1.7917": [0, 2.5, 0],
						"1.8333": [0, 2.355, 0]
					},
					"scale": {
						"0.0": [1, 1, 1],
						"0.1667": [0.01, 0.01, 0.01],
						"0.9167": [0.01, 0.01, 0.01],
						"1.0": [0.625, 0.625, 0.625],
						"1.0417": [0.9425, 0.9425, 0.9425],
						"1.0833": [
							"1+Math.cos((query.anim_time) * 90 * 12-45) * 0.2",
							"1+Math.cos((query.anim_time) * 90 * 12-45) * 0.2",
							"1+Math.cos((query.anim_time) * 90 * 12-45) * 0.2"
						],
						"1.5": [0.9825, 0.9825, 0.9825],
						"1.5833": [0.9825, 0.9825, 0.9825],
						"1.6667": [1.4675, 0.9925, 0.9925],
						"1.7083": [0.9825, 0.9825, 0.9825],
						"1.9167": [1.0075, 1.0075, 1.0075],
						"2.0": [0.9913, 1.6913, 0.9913],
						"2.125": [0.01, 0.01, 0.01]
					}
				},
				"arm_bottomleft2": {
					"rotation": {
						"0.0": [0, 0, -62.5],
						"1.0417": [0, 0, -62.5],
						"1.125": [0, 0, -40],
						"1.625": [0, 0, -40],
						"1.8333": [0, 0, -62.5]
					},
					"scale": 0.9825
				},
				"arm_bottomleft3": {
					"rotation": {
						"0.0": [0, 0, -67.5],
						"1.0": [17.90975, -4.62574, -69.26179],
						"1.125": [17.91, -4.63, -54.26],
						"1.2917": [17.91, -4.63, -67.26],
						"1.4167": [17.91, -4.63, -57.26],
						"1.5417": [17.91, -4.63, -71.76],
						"1.7083": [17.91, -4.63, -58.26],
						"1.9583": [17.91, -4.63, -71.76]
					}
				},
				"arm_bottomleft4": {
					"rotation": {
						"0.0": [0, 0, 85],
						"1.0417": [0, 0.1, 86.5],
						"1.125": [0, 0.1, "86.5+Math.cos((query.anim_time) * 90 * 16 - 30) * -15"],
						"1.75": [0, 0.1, "79.75+Math.cos((query.anim_time) * 90 * 16 - 30) * -15"],
						"1.875": [0, 0.1, 39],
						"1.9583": [0, 0.1, 45.5],
						"2.0417": [0, -12.4, 96.5]
					}
				},
				"hand_bottomleft": {
					"rotation": {
						"0.0": [0, 40.25, -72.5],
						"1.125": [23, 24, -73.5],
						"1.1667": [23, 24, "-58.5+Math.cos((query.anim_time) * 90 * 16 - 140) * -60"],
						"1.875": [23, 24, "-33.5+Math.cos((query.anim_time) * 90 * 16 - 140) * -30"],
						"2.0": [23, 24, -73.5]
					}
				},
				"finger_bottomleft_index": {
					"rotation": [0, 0, -37.5]
				},
				"finger_bottomleft_index2": {
					"rotation": {
						"0.0": [0, 30, 0],
						"1.7917": [0, 29, 0],
						"1.875": [0, -2, 0]
					}
				},
				"finger_bottomleft_middle": {
					"rotation": [0, 0, -12.5]
				},
				"finger_bottomleft_middle2": {
					"rotation": {
						"0.0": [0, 30, 0],
						"1.7917": [0, 29, 0],
						"1.875": [0, -2, 0]
					}
				},
				"finger_bottomleft_ring": {
					"rotation": [0, 0, 7.5]
				},
				"finger_bottomleft_ring2": {
					"rotation": {
						"0.0": [0, 30, 0],
						"1.7917": [0, 29, 0],
						"1.875": [0, -2, 0]
					}
				},
				"finger_bottomleft_pinky": {
					"rotation": [0, 0, 35]
				},
				"finger_bottomleft_pinky2": {
					"rotation": {
						"0.0": [0, 30, 0],
						"1.7917": [0, 29, 0],
						"1.875": [0, -2, 0]
					}
				},
				"thumb_bottomleft": {
					"rotation": [0, 0, -47.5]
				},
				"thumb_bottomleft2": {
					"rotation": [0, 0, -32.5]
				}
			}
		},
		"animation.cofagrigus.cry": {
			"animation_length": 1.25,
			"bones": {
				"body": {
					"rotation": {
						"0.0": [0, 0, 0],
						"0.125": [10, 0, 0],
						"0.25": {
							"pre": [-9, 0, 0],
							"post": [-9, 0, 0],
							"lerp_mode": "catmullrom"
						},
						"0.5833": {
							"post": [-12.5, 0, 0],
							"lerp_mode": "catmullrom"
						},
						"0.9167": {
							"post": [-9, 0, 0],
							"lerp_mode": "catmullrom"
						},
						"1.0833": [-1, 0, 0],
						"1.25": [0, 0, 0]
					},
					"position": {
						"0.0": [0, 0, 0],
						"0.1667": [0, 0, 0],
						"0.25": ["0+Math.cos((query.anim_time) * 90 * 36) * -0.3", 0, 0],
						"0.8333": ["0+Math.cos((query.anim_time) * 90 * 36) * -0.3", 0, 0],
						"0.9583": [0, 0, 0]
					}
				},
				"mouth_open": {
					"position": {
						"0.1667": [0, 0, 0],
						"0.2083": [0, 0, -0.2],
						"0.9583": [0, 0, -0.2],
						"1.0": [0, 0, 0]
					}
				},
				"arm_topright": {
					"rotation": {
						"0.0": {
							"post": [0, 0, 0],
							"lerp_mode": "catmullrom"
						},
						"0.125": {
							"post": [0, 0, 0],
							"lerp_mode": "catmullrom"
						},
						"0.25": {
							"post": [0, 0, -15],
							"lerp_mode": "catmullrom"
						},
						"0.9167": {
							"post": [0, 0, -15],
							"lerp_mode": "catmullrom"
						},
						"1.125": {
							"post": [0, 0, 0],
							"lerp_mode": "catmullrom"
						}
					}
				},
				"arm_bottomright": {
					"rotation": {
						"0.0": {
							"post": [0, 0, 0],
							"lerp_mode": "catmullrom"
						},
						"0.125": {
							"post": [0, 0, 0],
							"lerp_mode": "catmullrom"
						},
						"0.25": {
							"post": [0, 0, -15],
							"lerp_mode": "catmullrom"
						},
						"0.9167": {
							"post": [0, 0, -15],
							"lerp_mode": "catmullrom"
						},
						"1.125": {
							"post": [0, 0, 0],
							"lerp_mode": "catmullrom"
						}
					}
				},
				"arm_topleft": {
					"rotation": {
						"0.0": {
							"post": [0, 0, 0],
							"lerp_mode": "catmullrom"
						},
						"0.125": {
							"post": [0, 0, 0],
							"lerp_mode": "catmullrom"
						},
						"0.25": {
							"post": [0, 0, 15],
							"lerp_mode": "catmullrom"
						},
						"0.9167": {
							"post": [0, 0, 15],
							"lerp_mode": "catmullrom"
						},
						"1.125": {
							"post": [0, 0, 0],
							"lerp_mode": "catmullrom"
						}
					}
				},
				"arm_bottomleft": {
					"rotation": {
						"0.0": {
							"post": [0, 0, 0],
							"lerp_mode": "catmullrom"
						},
						"0.125": {
							"post": [0, 0, 0],
							"lerp_mode": "catmullrom"
						},
						"0.25": {
							"post": [0, 0, 15],
							"lerp_mode": "catmullrom"
						},
						"0.9167": {
							"post": [0, 0, 15],
							"lerp_mode": "catmullrom"
						},
						"1.125": {
							"post": [0, 0, 0],
							"lerp_mode": "catmullrom"
						}
					}
				}
			},
			"sound_effects": {
				"0.125": {
					"effect": "pokemon.cofagrigus.cry"
				}
			}
		},
		"animation.cofagrigus.sleep": {
			"loop": true,
			"bones": {
				"thing_left": {
					"position": [-1.7, 0, 0]
				},
				"thing_right": {
					"position": [1.7, 0, 0]
				},
				"thing_top": {
					"position": [0, -1.5, 0]
				},
				"face": {
					"position": [0, -1.4, 0]
				},
				"close_trickery_right": {
					"position": [2, 0, 0]
				},
				"close_trickery_left": {
					"position": [-2, 0, 0]
				},
				"chin": {
					"position": [0, 1, 0]
				},
				"mouths": {
					"position": [0, 0, 1]
				},
				"arm_topright": {
					"position": [15, 0, 0]
				},
				"arm_topright2": {
					"position": [12, 0, 0]
				},
				"arm_topright3": {
					"position": [10, 0, 0]
				},
				"arm_topright4": {
					"position": [12, 0, 0]
				},
				"hand_topright": {
					"position": [13, 0, 0]
				},
				"finger_topright_index": {
					"position": [4, 0, 0]
				},
				"finger_topright_middle": {
					"position": [4, 0, 0]
				},
				"finger_topright_ring": {
					"position": [4, 0, 0]
				},
				"finger_topright_pinky": {
					"position": [4, 0, 0]
				},
				"arm_bottomright": {
					"position": [14, 0, 0]
				},
				"arm_bottomright2": {
					"position": [13, 0, 0]
				},
				"arm_bottomright3": {
					"position": [11, 0, 0]
				},
				"arm_bottomright4": {
					"position": [12, 0, 0]
				},
				"hand_bottomright": {
					"position": [13, 0, 0]
				},
				"finger_bottomright_index": {
					"position": [4, 0, 0]
				},
				"finger_bottomright_middle": {
					"position": [4, 0, 0]
				},
				"finger_bottomright_ring": {
					"position": [4, 0, 0]
				},
				"finger_bottomright_pinky": {
					"position": [4, 0, 0]
				},
				"arm_topleft": {
					"position": [-15, 0, 0]
				},
				"arm_topleft2": {
					"position": [-12, 0, 0]
				},
				"arm_topleft3": {
					"position": [-10, 0, 0]
				},
				"arm_topleft4": {
					"position": [-12, 0, 0]
				},
				"hand_topleft": {
					"position": [-13, 0, 0]
				},
				"finger_topleft_index": {
					"position": [-4, 0, 0]
				},
				"finger_topleft_middle": {
					"position": [-4, 0, 0]
				},
				"finger_topleft_ring": {
					"position": [-4, 0, 0]
				},
				"finger_topleft_pinky": {
					"position": [-4, 0, 0]
				},
				"arm_bottomleft": {
					"position": [-14, 0, 0]
				},
				"arm_bottomleft2": {
					"position": [-13, 0, 0]
				},
				"arm_bottomleft3": {
					"position": [-11, 0, 0]
				},
				"arm_bottomleft4": {
					"position": [-12, 0, 0]
				},
				"hand_bottomleft": {
					"position": [-13, 0, 0]
				},
				"finger_bottomleft_index": {
					"position": [-4, 0, 0]
				},
				"finger_bottomleft_middle": {
					"position": [-4, 0, 0]
				},
				"finger_bottomleft_ring": {
					"position": [-4, 0, 0]
				},
				"finger_bottomleft_pinky": {
					"position": [-4, 0, 0]
				},
				"body": {
					"rotation": [-90, 0, 0],
					"position": [0, -18, 2.75]
				},
				"finger_bottomright_middle2": {
					"position": [0.25, 0, 0]
				},
				"finger_bottomleft_middle2": {
					"position": [-0.25, 0, 0]
				}
			}
		},
		"animation.cofagrigus.blink": {
			"animation_length": 0.16667,
			"bones": {
				"eyelid_right": {
					"position": {
						"0.0": [0, 0, -0.1],
						"0.125": [0, 0, -0.1],
						"0.1667": [0, 0, 0]
					}
				},
				"eyelid_left": {
					"position": {
						"0.0": [0, 0, -0.1],
						"0.125": [0, 0, -0.1],
						"0.1667": [0, 0, 0]
					}
				}
			}
		},
		"animation.cofagrigus.closed": {
			"loop": true,
			"bones": {
				"thing_left": {
					"position": [-1.7, 0, 0]
				},
				"thing_right": {
					"position": [1.7, 0, 0]
				},
				"thing_top": {
					"position": [0, -1.5, 0]
				},
				"face": {
					"position": [0, -1.4, 0]
				},
				"close_trickery_right": {
					"position": [2, 0, 0]
				},
				"close_trickery_left": {
					"position": [-2, 0, 0]
				},
				"chin": {
					"position": [0, 1, 0]
				},
				"mouths": {
					"position": [0, 0, 1]
				},
				"arm_topright": {
					"position": [15, 0, 0]
				},
				"arm_topright2": {
					"position": [12, 0, 0]
				},
				"arm_topright3": {
					"position": [10, 0, 0]
				},
				"arm_topright4": {
					"position": [12, 0, 0]
				},
				"hand_topright": {
					"position": [13, 0, 0]
				},
				"finger_topright_index": {
					"position": [4, 0, 0]
				},
				"finger_topright_middle": {
					"position": [4, 0, 0]
				},
				"finger_topright_ring": {
					"position": [4, 0, 0]
				},
				"finger_topright_pinky": {
					"position": [4, 0, 0]
				},
				"arm_bottomright": {
					"position": [14, 0, 0]
				},
				"arm_bottomright2": {
					"position": [13, 0, 0]
				},
				"arm_bottomright3": {
					"position": [11, 0, 0]
				},
				"arm_bottomright4": {
					"position": [12, 0, 0]
				},
				"hand_bottomright": {
					"position": [13, 0, 0]
				},
				"finger_bottomright_index": {
					"position": [4, 0, 0]
				},
				"finger_bottomright_middle": {
					"position": [4, 0, 0]
				},
				"finger_bottomright_ring": {
					"position": [4, 0, 0]
				},
				"finger_bottomright_pinky": {
					"position": [4, 0, 0]
				},
				"arm_topleft": {
					"position": [-15, 0, 0]
				},
				"arm_topleft2": {
					"position": [-12, 0, 0]
				},
				"arm_topleft3": {
					"position": [-10, 0, 0]
				},
				"arm_topleft4": {
					"position": [-12, 0, 0]
				},
				"hand_topleft": {
					"position": [-13, 0, 0]
				},
				"finger_topleft_index": {
					"position": [-4, 0, 0]
				},
				"finger_topleft_middle": {
					"position": [-4, 0, 0]
				},
				"finger_topleft_ring": {
					"position": [-4, 0, 0]
				},
				"finger_topleft_pinky": {
					"position": [-4, 0, 0]
				},
				"arm_bottomleft": {
					"position": [-14, 0, 0]
				},
				"arm_bottomleft2": {
					"position": [-13, 0, 0]
				},
				"arm_bottomleft3": {
					"position": [-11, 0, 0]
				},
				"arm_bottomleft4": {
					"position": [-12, 0, 0]
				},
				"hand_bottomleft": {
					"position": [-13, 0, 0]
				},
				"finger_bottomleft_index": {
					"position": [-4, 0, 0]
				},
				"finger_bottomleft_middle": {
					"position": [-4, 0, 0]
				},
				"finger_bottomleft_ring": {
					"position": [-4, 0, 0]
				},
				"finger_bottomleft_pinky": {
					"position": [-4, 0, 0]
				}
			}
		},
		"animation.cofagrigus.ground_run": {
			"loop": true,
			"bones": {
				"body": {
					"rotation": [
						"27.5+Math.cos((query.anim_time) * 90 * 8 - 90) * 2",
						"7.5+Math.cos((query.anim_time) * 90 * 8 -90) * -0.4",
						"5+Math.cos((query.anim_time) * 90 * 2 -90) * 2"
					],
					"position": [0, "0+Math.cos((query.anim_time) * 90 * 8) * 1.2", "-3+Math.cos((query.anim_time) * 90 * 8 - 90) * 1"]
				},
				"pupil_right": {
					"position": [0.25, 0.25, 0]
				},
				"pupil_left": {
					"position": [0, 0.25, 0]
				},
				"arm_topright": {
					"rotation": [22.5, 7.5, "-45+Math.cos((query.anim_time) * 90 * 8 - 45) * 2"]
				},
				"arm_topright2": {
					"rotation": [0, 20, "95+Math.cos((query.anim_time) * 90 * 8 - 135) * 2"],
					"position": [0, -0.75, 0.5]
				},
				"arm_topright3": {
					"rotation": [0, 10, "-67.5+Math.cos((query.anim_time) * 90 * 8 - 180) * 5"],
					"position": [0, 0, 0.75]
				},
				"arm_topright4": {
					"rotation": [-10, -37.5, "72.5+Math.cos((query.anim_time) * 90 * 8 - 225) * 6"]
				},
				"hand_topright": {
					"rotation": [30, 37.5, "50+Math.cos((query.anim_time) * 90 * 8 - 180) * -6"]
				},
				"finger_topright_index": {
					"rotation": [0, 0, 27.5]
				},
				"finger_topright_middle": {
					"rotation": [0, 0, 7.5]
				},
				"finger_topright_ring": {
					"rotation": [0, 0, -10]
				},
				"finger_topright_pinky": {
					"rotation": [0, 0, -30]
				},
				"thumb_topright": {
					"rotation": [0, 0, 50]
				},
				"thumb_topright2": {
					"rotation": [0, 0, 22.5]
				},
				"arm_bottomright": {
					"rotation": [25, -12.5, "-67.5+Math.cos((query.anim_time) * 90 * 8 - 75) * 2"]
				},
				"arm_bottomright2": {
					"rotation": [0, 25, "65+Math.cos((query.anim_time) * 90 * 8 - 165) * 2"],
					"position": [0.75, -0.25, 0]
				},
				"arm_bottomright3": {
					"rotation": [0, 0, "70+Math.cos((query.anim_time) * 90 * 8 - 210) * 5"],
					"position": [0, -0.75, 0]
				},
				"arm_bottomright4": {
					"rotation": [0, 0, "-65+Math.cos((query.anim_time) * 90 * 8 - 255) * 6"],
					"position": [1, 0, 0]
				},
				"hand_bottomright": {
					"rotation": [-13.56859, -24.27462, "52.3692+Math.cos((query.anim_time) * 90 * 8 - 210) * -6"]
				},
				"finger_bottomright_index": {
					"rotation": [0, 0, 20]
				},
				"finger_bottomright_middle": {
					"rotation": [0, 0, 7.5]
				},
				"finger_bottomright_ring": {
					"rotation": [0, 0, -5]
				},
				"finger_bottomright_pinky": {
					"rotation": [0, 0, -15]
				},
				"thumb_bottomright": {
					"rotation": [0, 0, 32.5]
				},
				"thumb_bottomright2": {
					"rotation": [0, 0, 25]
				},
				"arm_topleft": {
					"rotation": [0, -27.5, "2.5+Math.cos((query.anim_time) * 90 * 8 - 45) * -2"],
					"position": [0, -1.5, 0]
				},
				"arm_topleft2": {
					"rotation": [0, -20, "65+Math.cos((query.anim_time) * 90 * 8 - 135) * -2"],
					"position": [-1, 0.25, 0]
				},
				"arm_topleft3": {
					"rotation": [0, 7.5, "-87.5+Math.cos((query.anim_time) * 90 * 8 - 180) * -5"],
					"position": [0, -0.5, 0]
				},
				"arm_topleft4": {
					"rotation": [-10, 25, "-50+Math.cos((query.anim_time) * 90 * 8 - 225) * -6"]
				},
				"hand_topleft": {
					"rotation": [-22.5, -52.5, "-10+Math.cos((query.anim_time) * 90 * 8 - 180) * 6"]
				},
				"finger_topleft_index": {
					"rotation": [0, 0, -25]
				},
				"finger_topleft_middle": {
					"rotation": [0, 0, -7.5]
				},
				"finger_topleft_ring": {
					"rotation": [0, 0, 10]
				},
				"finger_topleft_pinky": {
					"rotation": [0, 0, 25]
				},
				"thumb_topleft": {
					"rotation": [0, 0, -27.5]
				},
				"thumb_topleft2": {
					"rotation": [0, 0, -22.5]
				},
				"arm_bottomleft": {
					"rotation": [-10, 12.5, "67.5+Math.cos((query.anim_time) * 90 * 8 - 75) * -2"]
				},
				"arm_bottomleft2": {
					"rotation": [0, -25, "-65+Math.cos((query.anim_time) * 90 * 8 - 165) * -2"],
					"position": [-0.75, -0.5, 0]
				},
				"arm_bottomleft3": {
					"rotation": [0, 0, "-70+Math.cos((query.anim_time) * 90 * 8 - 210) * -5"],
					"position": [-1.25, -0.25, 0]
				},
				"arm_bottomleft4": {
					"rotation": [0, 0, "65+Math.cos((query.anim_time) * 90 * 8 - 255) * -6"],
					"position": [-0.25, 1, 0]
				},
				"hand_bottomleft": {
					"rotation": [-13.56859, 24.27462, "-52.3692+Math.cos((query.anim_time) * 90 * 8 - 210) * 6"]
				},
				"finger_bottomleft_index": {
					"rotation": [0, 0, -20]
				},
				"finger_bottomleft_middle": {
					"rotation": [0, 0, -7.5]
				},
				"finger_bottomleft_ring": {
					"rotation": [0, 0, 5]
				},
				"finger_bottomleft_pinky": {
					"rotation": [0, 0, 15]
				},
				"thumb_bottomleft": {
					"rotation": [0, 0, -32.5]
				},
				"thumb_bottomleft2": {
					"rotation": [0, 0, -25]
				},
				"finger_topright_index2": {
					"rotation": [0, -27.5, 0]
				},
				"finger_topright_middle2": {
					"rotation": [0, -27.5, 0]
				},
				"finger_topright_ring2": {
					"rotation": [0, -27.5, 0]
				},
				"finger_topright_pinky2": {
					"rotation": [0, -27.5, 0]
				},
				"finger_bottomright_index2": {
					"rotation": [0, -27.5, 0]
				},
				"finger_bottomright_middle2": {
					"rotation": [0, -27.5, 0]
				},
				"finger_bottomright_ring2": {
					"rotation": [0, -27.5, 0]
				},
				"finger_bottomright_pinky2": {
					"rotation": [0, -27.5, 0]
				},
				"finger_topleft_index2": {
					"rotation": [0, 27.5, 0]
				},
				"finger_topleft_middle2": {
					"rotation": [0, 27.5, 0]
				},
				"finger_topleft_ring2": {
					"rotation": [0, 27.5, 0]
				},
				"finger_topleft_pinky2": {
					"rotation": [0, 27.5, 0]
				},
				"finger_bottomleft_index2": {
					"rotation": [0, 27.5, 0]
				},
				"finger_bottomleft_middle2": {
					"rotation": [0, 27.5, 0]
				},
				"finger_bottomleft_ring2": {
					"rotation": [0, 27.5, 0]
				},
				"finger_bottomleft_pinky2": {
					"rotation": [0, 27.5, 0]
				}
			}
		},
		"animation.cofagrigus.test": {
			"loop": true,
			"bones": {
				"cofagrigus": {
					"position": [0, 0, "0+((query.anim_time) * -25)"]
				}
			}
		},
		"animation.cofagrigus.ground_walk": {
			"loop": true,
			"animation_length": 2,
			"bones": {
				"body": {
					"rotation": ["35+Math.cos((query.anim_time) * 90 * 4 - 90) * 6", 0, "0+Math.cos((query.anim_time) * 90 * 2+50) * 10"],
					"position": {
						"0.0": [0, "0+Math.cos((query.anim_time) * 90 * 4) * -1.2", 0],
						"0.125": [0, "0+Math.cos((query.anim_time) * 90 * 4) * -1.2", 0],
						"0.25": [0, "1.475+Math.cos((query.anim_time) * 90 * 4) * -1.2", 0.025],
						"0.375": [0, "0+Math.cos((query.anim_time) * 90 * 4) * -1.2", 0],
						"0.625": [0, "0+Math.cos((query.anim_time) * 90 * 4) * -1.2", -0.025],
						"0.8333": [0, "0+Math.cos((query.anim_time) * 90 * 4) * -1.2", 0.025],
						"0.9167": [0, "1.225+Math.cos((query.anim_time) * 90 * 4) * -1.2", -0.04],
						"1.125": [0, "0+Math.cos((query.anim_time) * 90 * 4) * -1.2", -0.05],
						"1.25": [0, "0+Math.cos((query.anim_time) * 90 * 4) * -1.2", 0],
						"1.375": [0, "1+Math.cos((query.anim_time) * 90 * 4) * -1.2", 0],
						"1.5": [0, "0+Math.cos((query.anim_time) * 90 * 4) * -1.2", 0.025],
						"1.7917": [0, "0+Math.cos((query.anim_time) * 90 * 4) * -1.2", 0.025],
						"1.875": [0, "0.95+Math.cos((query.anim_time) * 90 * 4) * -1.2", -0.025],
						"2.0": [0, "0+Math.cos((query.anim_time) * 90 * 4) * -1.2", 0]
					}
				},
				"pupil_right": {
					"position": [0.25, 0.25, 0]
				},
				"pupil_left": {
					"position": [-0.25, 0.25, 0]
				},
				"arm_bottomright": {
					"rotation": {
						"0.0": [40, -22.5, 70],
						"0.1667": [43.58, -14.82, 64.08],
						"0.7083": [66.23, 38.03, 19.55],
						"0.9167": [72.08103, 50.53017, 27.49505],
						"1.1667": [66.23, 38.03, 31.3],
						"1.8333": [43.58, -12.07, 64.33],
						"2.0": [40, -22.5, 70]
					},
					"position": [2, 0, 0]
				},
				"arm_bottomright2": {
					"rotation": {
						"0.0": [-20, -17.2, 22.5],
						"0.2917": [-21.25, -17.99, 57.79],
						"0.5417": [-12.5, -8.82, 76.38],
						"0.75": [-10, 13.47, 94.09],
						"0.9167": [-12.5, 17.8, 108.25],
						"1.2083": [-20, 13.91, 85.36],
						"1.375": [-20, 0.31, 66.28],
						"2.0": [-20, -17.2, 22.5]
					}
				},
				"arm_bottomright3": {
					"rotation": {
						"0.0": [0, -75, 0],
						"0.2083": [0, -95, 0],
						"0.625": {
							"pre": [15, -118.46, 0],
							"post": [15, -118.46, 0],
							"lerp_mode": "catmullrom"
						},
						"0.9167": {
							"post": [15, -120, 0],
							"lerp_mode": "catmullrom"
						},
						"1.5": {
							"post": [0, -76.84, 0],
							"lerp_mode": "catmullrom"
						},
						"1.8333": [0, -70.61, 0],
						"2.0": [0, -75, 0]
					}
				},
				"arm_bottomright4": {
					"rotation": {
						"0.0": [0, 67.5, 15],
						"0.125": [0, 63.795, 15],
						"0.2083": {
							"pre": [0, 52.5, 15],
							"post": [0, 52.5, 15],
							"lerp_mode": "catmullrom"
						},
						"0.5417": {
							"post": [2.5, 52.58, 17.5],
							"lerp_mode": "catmullrom"
						},
						"0.875": {
							"post": [0, 57.5, 25],
							"lerp_mode": "catmullrom"
						},
						"1.0": {
							"post": [8.57, 60.35, 23.55],
							"lerp_mode": "catmullrom"
						},
						"1.125": {
							"post": [4.84, 50.86, 20.47],
							"lerp_mode": "catmullrom"
						},
						"1.375": {
							"post": [0, 45, 15],
							"lerp_mode": "catmullrom"
						},
						"1.8333": [0, 63.64, 15],
						"2.0": [0, 67.5, 15]
					},
					"position": {
						"1.5417": [0, 0, 0],
						"1.8333": [0, "0+Math.cos((query.anim_time) * 90 * 48) * 1", 0],
						"1.9583": [0, "0+Math.cos((query.anim_time) * 90 * 48) * 1", 0],
						"2.0": [0, 0, 0]
					}
				},
				"hand_bottomright": {
					"rotation": {
						"0.0": [11.5, 39.25, 5.75],
						"0.1667": [11.5, 20.08, 5.75],
						"0.5": {
							"pre": [19, 37.75, 20.75],
							"post": [19, 37.75, 20.75],
							"lerp_mode": "catmullrom"
						},
						"0.75": {
							"post": [26.5, 34.02, 20.75],
							"lerp_mode": "catmullrom"
						},
						"0.9167": {
							"post": [12.04406, 19.79081, 7.85856],
							"lerp_mode": "catmullrom"
						},
						"1.2083": {
							"post": [-11, -21.25, 18.25],
							"lerp_mode": "catmullrom"
						},
						"1.75": {
							"post": [11.5, 41.25, 2.42],
							"lerp_mode": "catmullrom"
						},
						"2.0": [11.5, 39.25, 5.75]
					}
				},
				"finger_bottomright_index": {
					"rotation": {
						"0.0": [7, 55, 29],
						"0.2083": [7, 40, 29],
						"0.75": [7, 15, 29],
						"1.0": [12, 30.71, 21.5],
						"1.1667": [24.5, 47.5, 19],
						"1.4167": [7, -22.5, 29],
						"2.0": [7, 55, 29]
					}
				},
				"finger_bottomright_index2": {
					"rotation": {
						"0.0": [0, -15.75, 0],
						"0.1667": [0, -38.25, 0],
						"0.5417": [0, -25.17, 0],
						"0.875": [0, 9.25, 0],
						"1.1667": [0, 21.75, 0],
						"1.5417": [0, -83.25, 0],
						"2.0": [0, -15.75, 0]
					}
				},
				"finger_bottomright_middle": {
					"rotation": {
						"0.0": [0, 55, 0],
						"0.2083": [0, 40, 0],
						"0.75": [0, 15, 0],
						"1.0": [0, 33.21, 0],
						"1.1667": [0, 60, 0],
						"1.4167": [0, -22.5, 0],
						"2.0": [0, 55, 0]
					}
				},
				"finger_bottomright_middle2": {
					"rotation": {
						"0.0": [0, -15.75, 0],
						"0.1667": [0, -38.25, 0],
						"0.5417": [0, -25.17, 0],
						"0.875": [0, 9.25, 0],
						"1.1667": [0, 21.75, 0],
						"1.5417": [0, -83.25, 0],
						"2.0": [0, -15.75, 0]
					}
				},
				"finger_bottomright_ring": {
					"rotation": {
						"0.0": [0, 55, -25],
						"0.2083": [0, 40, -25],
						"0.75": [0, 15, -25],
						"1.0": [-5, 33.21, -15],
						"1.1667": [-12.5, 55, -25],
						"1.4167": [0, -22.5, -25],
						"2.0": [0, 55, -25]
					}
				},
				"finger_bottomright_ring2": {
					"rotation": {
						"0.0": [0, -15.75, 0],
						"0.1667": [0, -38.25, 0],
						"0.5417": [0, -25.17, 0],
						"0.875": [0, 9.25, 0],
						"1.1667": [0, 21.75, 0],
						"1.5417": [0, -83.25, 0],
						"2.0": [0, -15.75, 0]
					}
				},
				"finger_bottomright_pinky": {
					"rotation": {
						"0.0": [-11, 55, -53],
						"0.2083": [-11, 40, -53],
						"0.75": [-11, 15, -53],
						"1.0": [-31, 13.21, -40.5],
						"1.1667": [-28.5, 40, -48],
						"1.4167": [-11, -22.5, -53],
						"2.0": [-11, 55, -53]
					}
				},
				"finger_bottomright_pinky2": {
					"rotation": {
						"0.0": [0, -15.75, 0],
						"0.1667": [0, -38.25, 0],
						"0.5417": [0, -25.17, 0],
						"0.875": [0, 9.25, 0],
						"1.1667": [0, 21.75, 0],
						"1.5417": [0, -83.25, 0],
						"2.0": [0, -15.75, 0]
					}
				},
				"thumb_bottomright": {
					"rotation": {
						"0.0": [0, 22.5, 50],
						"0.2083": [0, 7.5, 37.5],
						"0.7083": [0, -5, 37.5],
						"1.2083": [0, -27.5, 17.5],
						"1.5833": [0, -45, -5],
						"2.0": [0, 22.5, 50]
					}
				},
				"thumb_bottomright2": {
					"rotation": {
						"0.0": [0, 0, 27.5],
						"0.2917": [0, 0, 7.5],
						"1.0": [0, 52.5, -5],
						"1.4167": [0, 0, 0],
						"2.0": [0, 0, 27.5]
					}
				},
				"cofagrigus": {
					"position": [0, 0, "-2+Math.cos((query.anim_time) * 90 * 4 - 160) * -3"]
				},
				"arm_topright": {
					"rotation": {
						"0.0": {
							"post": [48.67, 49.22, -40.69],
							"lerp_mode": "catmullrom"
						},
						"0.3333": {
							"post": [32.5, 43.48, -4.05],
							"lerp_mode": "catmullrom"
						},
						"0.6667": {
							"post": [43.25, 16.93, -2.47],
							"lerp_mode": "catmullrom"
						},
						"0.7917": [52.5, 10.5, 7.5],
						"0.9167": [45, 14.43, 12.53],
						"1.0": [42.5, 20.61, 4.68],
						"1.1667": [42, 25.86, -10.57],
						"1.3333": [46.5, 36.11, -30.82],
						"1.625": [50, 49.67, -52.5],
						"1.7917": [50, 53, -54.5],
						"1.9583": {
							"pre": [50, 49.67, -45],
							"post": [50, 49.67, -45],
							"lerp_mode": "catmullrom"
						},
						"2.0": {
							"post": [48.67, 49.22, -40.69],
							"lerp_mode": "catmullrom"
						}
					},
					"position": [-3, 0, 0]
				},
				"arm_topright2": {
					"rotation": {
						"0.0": {
							"post": [-1.7, -74.47, 36.97],
							"lerp_mode": "catmullrom"
						},
						"0.125": {
							"post": [-7.5, -80.4, 52.5],
							"lerp_mode": "catmullrom"
						},
						"0.4583": {
							"post": [0, -59.65, 45],
							"lerp_mode": "catmullrom"
						},
						"1.0": [0, -70, 0],
						"1.625": [0, -70, 20],
						"1.9583": [0, -72.5, 31.75],
						"2.0": [-1.7, -74.47, 36.97]
					}
				},
				"arm_topright3": {
					"rotation": {
						"0.0": [2.5, 49.43, -5.22],
						"0.0833": [2.5, 50.075, -5.225],
						"0.2083": [2.5, 44.67, 2.04],
						"0.4583": {
							"pre": [2.5, 62.57, 6.625],
							"post": [2.5, 62.57, 6.625],
							"lerp_mode": "catmullrom"
						},
						"0.625": {
							"post": [2.5, 59.82, 6.255],
							"lerp_mode": "catmullrom"
						},
						"0.7917": [2.5, 27.995, 1.9],
						"0.875": [2.9, 28.8, -4.27],
						"1.0": [3.5, 30, -7.275],
						"1.3333": [2.5, 40, -12.775],
						"1.75": [2.5, 47.5, -5.225],
						"2.0": [2.5, 49.43, -5.22]
					}
				},
				"arm_topright4": {
					"rotation": {
						"0.0": [0, -76.5, 17.5],
						"0.1667": [0, -102.5, 17.5],
						"0.6667": [14.65, -60, 11.75],
						"0.8333": [27, -55, 2.75],
						"1.0": [32.1, -62.5, 0],
						"1.3333": [10.75, -62.5, 11.25],
						"1.9583": [0, -70, 17.5],
						"2.0": [0, -76.5, 17.5]
					},
					"position": {
						"0.25": [0, 0, 0],
						"0.5417": ["0+Math.cos((query.anim_time) * 90 * 48) * 1", 0, 0],
						"0.6667": ["0+Math.cos((query.anim_time) * 90 * 48) * 1", 0, 0],
						"0.7083": [0, 0, 0]
					}
				},
				"hand_topright": {
					"rotation": {
						"0.0": [48.33, 58.28, 47.28],
						"0.1667": [64.17, 73.89, 26.39],
						"0.3333": [60, 17.5, 10],
						"0.6667": [60, 47.5, 57.5],
						"0.8333": [71.25, 45, 61.25],
						"1.0": [67.5, 42.5, 50],
						"1.25": [61.25, 48.75, 56.25],
						"1.5": [55, 45, 52.5],
						"1.75": [59.55, 61.82, 54.77],
						"1.9583": [45, 57.5, 47.5],
						"2.0": [48.33, 58.28, 47.28]
					}
				},
				"finger_topright_index": {
					"rotation": {
						"0.0": [0, -7.86, 25],
						"0.1667": [0, -15, 25],
						"0.4167": [0, -27.5, 25],
						"0.6667": [0, 32.5, 25],
						"0.9167": [0, 2.5, 25],
						"1.0": [0, 2.5, 25],
						"1.875": [0, -2.5, 25],
						"2.0": [0, -7.86, 25]
					}
				},
				"finger_topright_index2": {
					"rotation": {
						"0.0": [0, 42.5, 0],
						"0.0833": [0, 65, 0],
						"0.375": [0, -62.5, 0],
						"0.6667": [0, -42.5, 0],
						"0.75": [0, 35, 0],
						"0.875": [0, -15, 0],
						"1.0": [0, 30, 0],
						"1.5": [0, 12.5, 0],
						"1.9167": [0, 20, 0],
						"2.0": [0, 42.5, 0]
					}
				},
				"finger_topright_middle": {
					"rotation": {
						"0.0": [0, -7.86, 10],
						"0.1667": [0, -15, 10],
						"0.4167": [0, -27.5, 10],
						"0.6667": [0, 32.5, 10],
						"0.9167": [0, 2.5, 10],
						"1.0": [0, 2.5, 10],
						"1.875": [0, -2.5, 10],
						"2.0": [0, -7.86, 10]
					}
				},
				"finger_topright_middle2": {
					"rotation": {
						"0.0": [0, 42.5, 0],
						"0.0833": [0, 65, 0],
						"0.375": [0, -62.5, 0],
						"0.6667": [0, -42.5, 0],
						"0.75": [0, 35, 0],
						"0.875": [0, -15, 0],
						"1.0": [0, 30, 0],
						"1.5": [0, 12.5, 0],
						"1.9167": [0, 20, 0],
						"2.0": [0, 42.5, 0]
					}
				},
				"finger_topright_ring": {
					"rotation": {
						"0.0": [0, -7.86, -8],
						"0.1667": [0, -15, -8],
						"0.4167": [0, -27.5, -8],
						"0.6667": [0, 32.5, -8],
						"0.9167": [0, 2.5, -8],
						"1.0": [0, 2.5, -8],
						"1.875": [0, -2.5, -8],
						"2.0": [0, -7.86, -8]
					}
				},
				"finger_topright_ring2": {
					"rotation": {
						"0.0": [0, 42.5, 0],
						"0.0833": [0, 65, 0],
						"0.375": [0, -62.5, 0],
						"0.6667": [0, -42.5, 0],
						"0.75": [0, 35, 0],
						"0.875": [0, -15, 0],
						"1.0": [0, 30, 0],
						"1.5": [0, 12.5, 0],
						"1.9167": [0, 20, 0],
						"2.0": [0, 42.5, 0]
					}
				},
				"finger_topright_pinky": {
					"rotation": {
						"0.0": [0, -7.86, -23],
						"0.1667": [0, -15, -23],
						"0.4167": [0, -27.5, -23],
						"0.6667": [0, 32.5, -23],
						"0.9167": [0, 2.5, -23],
						"1.0": [0, 2.5, -23],
						"1.875": [0, -2.5, -23],
						"2.0": [0, -7.86, -23]
					}
				},
				"finger_topright_pinky2": {
					"rotation": {
						"0.0": [0, 42.5, 0],
						"0.0833": [0, 65, 0],
						"0.375": [0, -62.5, 0],
						"0.6667": [0, -42.5, 0],
						"0.75": [0, 35, 0],
						"0.875": [0, -15, 0],
						"1.0": [0, 30, 0],
						"1.5": [0, 12.5, 0],
						"1.9167": [0, 20, 0],
						"2.0": [0, 42.5, 0]
					}
				},
				"thumb_topright": {
					"rotation": {
						"0.0": [0, -33.93, 33.93],
						"0.0833": [0, -37.5, 32.5],
						"0.375": [0, -37.5, 7.5],
						"0.7083": [0, 2.5, 55],
						"1.0": [0, -10, 32.5],
						"1.5": [0, -12.5, 42.5],
						"2.0": [0, -33.93, 33.93]
					}
				},
				"thumb_topright2": {
					"rotation": {
						"0.0": [0, 13, 4.33],
						"0.0833": [0, 15, 5],
						"0.4583": [0, 15, -40],
						"1.0": [0, 0, 15],
						"1.4583": [0, 0, 0],
						"2.0": [0, 13, 4.33]
					}
				},
				"arm_topleft": {
					"rotation": {
						"0.0": [50, -20.61, 5.32],
						"0.625": [50, -49.67, 27.5],
						"0.7917": [50, -53, 30],
						"0.9583": {
							"pre": [50, -49.67, 27.5],
							"post": [50, -49.67, 27.5],
							"lerp_mode": "catmullrom"
						},
						"1.3333": {
							"post": [32.5, -43.48, 4.05],
							"lerp_mode": "catmullrom"
						},
						"1.6667": {
							"post": [43.25, -16.93, 2.47],
							"lerp_mode": "catmullrom"
						},
						"1.7917": [52.5, -10.5, 5],
						"1.9167": [50, -14.43, 2.47],
						"2.0": [50, -20.61, 5.32]
					},
					"position": [3, -1, 2]
				},
				"arm_topleft2": {
					"rotation": {
						"0.0": [-20, 57.5, 0],
						"0.625": [0, 85, -20],
						"0.9583": {
							"pre": [0, 72.5, -31.75],
							"post": [0, 72.5, -31.75],
							"lerp_mode": "catmullrom"
						},
						"1.125": {
							"post": [-7.5, 70.4, -52.5],
							"lerp_mode": "catmullrom"
						},
						"1.4583": {
							"post": [0, 62.15, -45],
							"lerp_mode": "catmullrom"
						},
						"2.0": [-20, 57.5, 0]
					}
				},
				"arm_topleft3": {
					"rotation": {
						"0.0": [23.5, -22.5, -15.225],
						"0.3333": [17.5, -30, 10.275],
						"0.75": [20, -40, 5.225],
						"1.0833": [20, -30.075, 5.225],
						"1.2083": [2.5, -44.67, -2.04],
						"1.4583": {
							"pre": [2.5, -62.57, -6.625],
							"post": [2.5, -62.57, -6.625],
							"lerp_mode": "catmullrom"
						},
						"1.625": {
							"post": [2.5, -39.82, 3.745],
							"lerp_mode": "catmullrom"
						},
						"1.7917": [2.5, -30.495, -19.4],
						"1.875": [32.9, -28.8, -28.73],
						"2.0": [23.5, -22.5, -15.225]
					}
				},
				"arm_topleft4": {
					"rotation": {
						"0.0": [32.1, 62.5, 0],
						"0.3333": [10.75, 62.5, -11.25],
						"0.9583": [0, 70, -17.5],
						"1.1667": [0, 102.5, -17.5],
						"1.6667": [14.65, 60, -11.75],
						"1.8333": [27, 55, -2.75],
						"2.0": [32.1, 62.5, 0]
					},
					"position": {
						"1.25": [0, 0, 0],
						"1.5417": ["0+Math.cos((query.anim_time) * 90 * 48) * 1", 0, 0],
						"1.6667": ["0+Math.cos((query.anim_time) * 90 * 48) * 1", 0, 0],
						"1.7083": [0, 0, 0]
					}
				},
				"hand_topleft": {
					"rotation": {
						"0.0": [67.5, -42.5, -50],
						"0.1667": [62.5, -48.33, -52.5],
						"0.5": [52.5, -45, -50],
						"0.625": [64.32, -58.86, -58.75],
						"0.75": [66.14, -57.73, -57.5],
						"0.9583": [50, -50, -50],
						"1.1667": [46.67, -68.89, -33.89],
						"1.3333": [60, -17.5, -10],
						"1.6667": [42.5, -47.5, -57.5],
						"2.0": [67.5, -42.5, -50]
					}
				},
				"finger_topleft_index": {
					"rotation": {
						"0.0": [0, -2.5, -25],
						"0.875": [0, 2.5, -25],
						"1.1667": [0, 15, -25],
						"1.4167": [0, 27.5, -25],
						"1.6667": [0, -32.5, -25],
						"1.9167": [0, -2.5, -25],
						"2.0": [0, -2.5, -25]
					}
				},
				"finger_topleft_index2": {
					"rotation": {
						"0.0": [0, -30, 0],
						"0.5": [0, -12.5, 0],
						"0.9167": [0, -20, 0],
						"1.0833": [0, -65, 0],
						"1.375": [0, 62.5, 0],
						"1.6667": [0, 42.5, 0],
						"1.75": [0, -35, 0],
						"1.875": [0, 15, 0],
						"2.0": [0, -30, 0]
					}
				},
				"finger_topleft_middle": {
					"rotation": {
						"0.0": [0, -2.5, -10],
						"0.875": [0, 2.5, -10],
						"1.1667": [0, 15, -10],
						"1.4167": [0, 27.5, -10],
						"1.6667": [0, -32.5, -10],
						"1.9167": [0, -2.5, -10],
						"2.0": [0, -2.5, -10]
					}
				},
				"finger_topleft_middle2": {
					"rotation": {
						"0.0": [0, -30, 0],
						"0.5": [0, -12.5, 0],
						"0.9167": [0, -20, 0],
						"1.0833": [0, -65, 0],
						"1.375": [0, 62.5, 0],
						"1.6667": [0, 42.5, 0],
						"1.75": [0, -35, 0],
						"1.875": [0, 15, 0],
						"2.0": [0, -30, 0]
					}
				},
				"finger_topleft_ring": {
					"rotation": {
						"0.0": [0, -2.5, 8],
						"0.875": [0, 2.5, 8],
						"1.1667": [0, 15, 8],
						"1.4167": [0, 27.5, 8],
						"1.6667": [0, -32.5, 8],
						"1.9167": [0, -2.5, 8],
						"2.0": [0, -2.5, 8]
					}
				},
				"finger_topleft_ring2": {
					"rotation": {
						"0.0": [0, -30, 0],
						"0.5": [0, -12.5, 0],
						"0.9167": [0, -20, 0],
						"1.0833": [0, -65, 0],
						"1.375": [0, 62.5, 0],
						"1.6667": [0, 42.5, 0],
						"1.75": [0, -35, 0],
						"1.875": [0, 15, 0],
						"2.0": [0, -30, 0]
					}
				},
				"finger_topleft_pinky": {
					"rotation": {
						"0.0": [0, -2.5, 23],
						"0.875": [0, 2.5, 23],
						"1.1667": [0, 15, 23],
						"1.4167": [0, 27.5, 23],
						"1.6667": [0, -32.5, 23],
						"1.9167": [0, -2.5, 23],
						"2.0": [0, -2.5, 23]
					}
				},
				"finger_topleft_pinky2": {
					"rotation": {
						"0.0": [0, -30, 0],
						"0.5": [0, -12.5, 0],
						"0.9167": [0, -20, 0],
						"1.0833": [0, -65, 0],
						"1.375": [0, 62.5, 0],
						"1.6667": [0, 42.5, 0],
						"1.75": [0, -35, 0],
						"1.875": [0, 15, 0],
						"2.0": [0, -30, 0]
					}
				},
				"thumb_topleft": {
					"rotation": {
						"0.0": [0, 10, -32.5],
						"0.5": [0, 12.5, -42.5],
						"1.0833": [0, 37.5, -32.5],
						"1.375": [0, 37.5, -7.5],
						"1.7083": [0, -2.5, -55],
						"2.0": [0, 10, -32.5]
					}
				},
				"thumb_topleft2": {
					"rotation": {
						"0.0": [0, 0, -15],
						"0.4583": [0, 0, 0],
						"1.0833": [0, -15, -5],
						"1.4583": [0, -15, 40],
						"2.0": [0, 0, -15]
					}
				},
				"arm_bottomleft": {
					"rotation": {
						"0.0": [70.62, -47.41, -28.45],
						"0.1667": [66.23, -38.03, -31.3],
						"0.8333": [43.58, 12.07, -64.33],
						"1.0": [40, 22.5, -70],
						"1.1667": [43.58, 14.82, -64.08],
						"1.7083": [66.23, -38.03, -19.55],
						"1.9167": [72.08103, -50.53017, -27.49505],
						"2.0": [70.62, -47.41, -28.45]
					},
					"position": [-2, 0, 0]
				},
				"arm_bottomleft2": {
					"rotation": {
						"0.0": [-20, -19.02, -103.67],
						"0.2083": [-20, -13.91, -85.36],
						"0.375": [-20, -0.31, -66.28],
						"1.0": [-20, 17.2, -22.5],
						"1.25": [-20, 20.32, -57.07],
						"1.375": [-12.86, 16.82, -68.92],
						"1.5417": [-15, 6.32, -78.88],
						"1.9167": [-12.5, -22.8, -110.75],
						"2.0": [-20, -19.02, -103.67]
					}
				},
				"arm_bottomleft3": {
					"rotation": {
						"0.0": {
							"post": [14.04, 117.33, 0],
							"lerp_mode": "catmullrom"
						},
						"0.5": {
							"post": [0, 76.84, 0],
							"lerp_mode": "catmullrom"
						},
						"0.8333": [0, 70.61, 0],
						"1.0": [0, 75, 0],
						"1.2083": [0, 95, 0],
						"1.5833": {
							"pre": [15, 118.46, 0],
							"post": [15, 118.46, 0],
							"lerp_mode": "catmullrom"
						},
						"1.9167": {
							"post": [15, 120, 0],
							"lerp_mode": "catmullrom"
						},
						"2.0": {
							"post": [14.04, 117.33, 0],
							"lerp_mode": "catmullrom"
						}
					}
				},
				"arm_bottomleft4": {
					"rotation": {
						"0.0": {
							"post": [0, -59.58, -15],
							"lerp_mode": "catmullrom"
						},
						"0.375": {
							"post": [0, -37.5, -15],
							"lerp_mode": "catmullrom"
						},
						"0.8333": [0, -63.64, -15],
						"1.0": [0, -67.5, -15],
						"1.0833": [0, -63.795, -15],
						"1.2083": [-7.5, -57.5, -15],
						"1.375": [-6.28, -52.97, -20.06],
						"1.4583": [-5.25, -50.83, -17.53],
						"1.5417": [-4.22, -53.7, -15],
						"1.875": {
							"pre": [-5, -57.5, -22],
							"post": [-5, -57.5, -22],
							"lerp_mode": "catmullrom"
						},
						"2.0": {
							"post": [0, -59.58, -15],
							"lerp_mode": "catmullrom"
						}
					},
					"position": {
						"0.5": [0, 0, 0],
						"0.7917": [0, "0+Math.cos((query.anim_time) * 90 * 48) * 1", 0],
						"0.9167": [0, "0+Math.cos((query.anim_time) * 90 * 48) * 1", 0],
						"0.9583": [0, 0, 0]
					}
				},
				"hand_bottomleft": {
					"rotation": {
						"0.0": {
							"post": [7.26, -10.8, -8.87],
							"lerp_mode": "catmullrom"
						},
						"0.2083": {
							"post": [-11, 26.25, -18.25],
							"lerp_mode": "catmullrom"
						},
						"0.75": {
							"post": [11.5, -41.25, -2.42],
							"lerp_mode": "catmullrom"
						},
						"1.0": [11.5, -39.25, -5.75],
						"1.1667": [11.5, -20.08, -5.75],
						"1.5": {
							"pre": [19, -37.75, -20.75],
							"post": [19, -37.75, -20.75],
							"lerp_mode": "catmullrom"
						},
						"1.75": {
							"post": [26.5, -34.02, -20.75],
							"lerp_mode": "catmullrom"
						},
						"1.9167": {
							"post": [12.04406, -19.79081, -7.85856],
							"lerp_mode": "catmullrom"
						},
						"2.0": {
							"post": [7.26, -10.8, -8.87],
							"lerp_mode": "catmullrom"
						}
					}
				},
				"finger_bottomleft_index": {
					"rotation": {
						"0.0": [12, -30.71, -21.5],
						"0.1667": [24.5, -47.5, -19],
						"0.4583": [7, 22.5, -29],
						"1.0": [7, -55, -29],
						"1.2083": [7, -40, -29],
						"1.75": [7, -15, -29],
						"2.0": [12, -30.71, -21.5]
					}
				},
				"finger_bottomleft_index2": {
					"rotation": {
						"0.0": [0, -14.25, 0],
						"0.1667": [0, -21.75, 0],
						"0.5417": [0, 83.25, 0],
						"1.0": [0, 15.75, 0],
						"1.1667": [0, 38.25, 0],
						"1.5417": [0, 25.17, 0],
						"1.875": [0, -9.25, 0],
						"2.0": [0, -14.25, 0]
					}
				},
				"finger_bottomleft_middle": {
					"rotation": {
						"0.0": [0, -33.21, 0],
						"0.1667": [0, -60, 0],
						"0.4583": [0, 22.5, 0],
						"1.0": [0, -55, 0],
						"1.2083": [0, -40, 0],
						"1.75": [0, -15, 0],
						"2.0": [0, -33.21, 0]
					}
				},
				"finger_bottomleft_middle2": {
					"rotation": {
						"0.0": [0, -14.25, 0],
						"0.1667": [0, -21.75, 0],
						"0.5417": [0, 83.25, 0],
						"1.0": [0, 15.75, 0],
						"1.1667": [0, 38.25, 0],
						"1.5417": [0, 25.17, 0],
						"1.875": [0, -9.25, 0],
						"2.0": [0, -14.25, 0]
					}
				},
				"finger_bottomleft_ring": {
					"rotation": {
						"0.0": [-5, -33.21, 15],
						"0.1667": [-12.5, -55, 25],
						"0.4583": [0, 22.5, 25],
						"1.0": [0, -55, 25],
						"1.2083": [0, -40, 25],
						"1.75": [0, -15, 25],
						"2.0": [-5, -33.21, 15]
					}
				},
				"finger_bottomleft_ring2": {
					"rotation": {
						"0.0": [0, -14.25, 0],
						"0.1667": [0, -21.75, 0],
						"0.5417": [0, 83.25, 0],
						"1.0": [0, 15.75, 0],
						"1.1667": [0, 38.25, 0],
						"1.5417": [0, 25.17, 0],
						"1.875": [0, -9.25, 0],
						"2.0": [0, -14.25, 0]
					}
				},
				"finger_bottomleft_pinky": {
					"rotation": {
						"0.0": [-31, -13.21, 40.5],
						"0.1667": [-28.5, -40, 48],
						"0.4583": [-11, 22.5, 53],
						"1.0": [-11, -55, 53],
						"1.2083": [-11, -40, 53],
						"1.75": [-11, -15, 53],
						"2.0": [-31, -13.21, 40.5]
					}
				},
				"finger_bottomleft_pinky2": {
					"rotation": {
						"0.0": [0, -14.25, 0],
						"0.1667": [0, -21.75, 0],
						"0.5417": [0, 83.25, 0],
						"1.0": [0, 15.75, 0],
						"1.1667": [0, 38.25, 0],
						"1.5417": [0, 25.17, 0],
						"1.875": [0, -9.25, 0],
						"2.0": [0, -14.25, 0]
					}
				},
				"thumb_bottomleft": {
					"rotation": {
						"0.0": [0, 17.5, -26.39],
						"0.2083": [0, 27.5, -17.5],
						"0.625": [0, 45, 5],
						"1.0": [0, -22.5, -50],
						"1.2083": [0, -7.5, -37.5],
						"1.7083": [0, 5, -37.5],
						"2.0": [0, 17.5, -26.39]
					}
				},
				"thumb_bottomleft2": {
					"rotation": {
						"0.0": [0, -52.5, 5],
						"0.4583": [0, 0, 7.5],
						"1.0": [0, 0, -27.5],
						"1.25": [0, 0, -7.5],
						"2.0": [0, -52.5, 5]
					}
				}
			}
		}
	}
}