{
	"format_version": "1.12.0",
	"minecraft:geometry": [
		{
			"description": {
				"identifier": "geometry.unknown",
				"texture_width": 32,
				"texture_height": 32,
				"visible_bounds_width": 3,
				"visible_bounds_height": 3.5,
				"visible_bounds_offset": [0, 1.25, 0]
			},
			"bones": [
				{
					"name": "skrelp",
					"pivot": [0, 0, 0]
				},
				{
					"name": "body",
					"parent": "skrelp",
					"pivot": [0, 12.25, 0]
				},
				{
					"name": "torso",
					"parent": "body",
					"pivot": [0, 9.75, 0],
					"cubes": [
						{"origin": [-1.5, 9.25, -1.5], "size": [3, 5, 3], "uv": [0, 14]}
					]
				},
				{
					"name": "back_fin",
					"parent": "torso",
					"pivot": [0, 12.75, 1.25],
					"rotation": [5, 0, 0],
					"cubes": [
						{"origin": [0, 12.25, 3.25], "size": [0, 1, 1], "uv": [0, 15]},
						{"origin": [-0.5, 11.75, 1.25], "size": [1, 2, 2], "uv": [26, 10]}
					]
				},
				{
					"name": "right_flipper",
					"parent": "torso",
					"pivot": [1.5, 11.75, 0],
					"cubes": [
						{"origin": [1.5, 11.75, -1.5], "size": [0, 3, 3], "pivot": [1.5, 11.75, 0], "rotation": [0, 0, 90], "uv": [0, 23]}
					]
				},
				{
					"name": "right_flipper_bend",
					"parent": "right_flipper",
					"pivot": [4.5, 11.75, 0],
					"cubes": [
						{"origin": [4.5, 11.75, -1.5], "size": [0, 2, 3], "pivot": [4.5, 11.75, 0], "rotation": [0, 0, 90], "uv": [6, 27]}
					]
				},
				{
					"name": "left_flipper",
					"parent": "torso",
					"pivot": [-1.5, 11.75, 0],
					"cubes": [
						{"origin": [-1.5, 11.75, -1.5], "size": [0, 3, 3], "pivot": [-1.5, 11.75, 0], "rotation": [0, 0, -90], "uv": [0, 26]}
					]
				},
				{
					"name": "left_flipper_bend",
					"parent": "left_flipper",
					"pivot": [-4.5, 11.75, 0],
					"cubes": [
						{"origin": [-1.5, 14.75, -1.5], "size": [0, 2, 3], "pivot": [-1.5, 11.75, 0], "rotation": [0, 0, -90], "uv": [6, 25]}
					]
				},
				{
					"name": "neck",
					"parent": "torso",
					"pivot": [0, 14.25, 0],
					"cubes": [
						{"origin": [-0.5, 13.75, -0.5], "size": [1, 3, 1], "uv": [28, 5]}
					]
				},
				{
					"name": "head",
					"parent": "neck",
					"pivot": [0, 15.75, 0],
					"cubes": [
						{"origin": [-2, 15.75, -3], "size": [4, 4, 5], "uv": [1, 0]},
						{"origin": [-1, 17.75, -4.75], "size": [2, 1, 2], "pivot": [0, 18.25, -3], "rotation": [7.5, 0, 0], "uv": [14, 0]},
						{"origin": [-1, 17.75, -3], "size": [2, 2, 4], "pivot": [0, 18.75, -3], "rotation": [45, 0, 0], "uv": [12, 17]},
						{"origin": [-1.5, 13.25, -1.5], "size": [3, 5, 3], "pivot": [0, 18.75, -3], "rotation": [45, 0, 0], "uv": [10, 9]},
						{"origin": [0, 17.65165, 1.33058], "size": [0, 5, 5], "pivot": [0, 20, 2], "rotation": [40, 0, 0], "uv": [0, 4]},
						{"origin": [1.51, 17.75, -3.07], "size": [1, 1, 3], "pivot": [2, 17.25, -1.5], "rotation": [-7.5, 0, 0], "uv": [19, 0]},
						{"origin": [-2.51, 17.75, -3.07], "size": [1, 1, 3], "pivot": [-2, 17.25, -1.5], "rotation": [-7.5, 0, 0], "uv": [24, 1]}
					]
				},
				{
					"name": "attenna",
					"parent": "head",
					"pivot": [0, 16, 2],
					"cubes": [
						{"origin": [0.25, 15.75, 2], "size": [0, 1, 2], "pivot": [0, 16.25, 2], "rotation": [0, 0, 90], "uv": [22, 10]}
					]
				},
				{
					"name": "attenna_fin",
					"parent": "attenna",
					"pivot": [0, 16, 4],
					"cubes": [
						{"origin": [0.25, 14.75, 4], "size": [0, 3, 3], "pivot": [0, 16.25, 0], "rotation": [0, 0, 90], "uv": [12, 22]}
					]
				},
				{
					"name": "attenna_bend",
					"parent": "attenna_fin",
					"pivot": [0, 16, 7],
					"cubes": [
						{"origin": [0.25, 14.75, 7], "size": [0, 3, 2], "pivot": [0, 16.25, 0], "rotation": [0, 0, 90], "uv": [14, 27]}
					]
				},
				{
					"name": "left_ear",
					"parent": "head",
					"pivot": [-2, 17.75, 0.25],
					"rotation": [-12.5, 40, 0],
					"cubes": [
						{"origin": [-2, 17.75, -1.25], "size": [0, 4, 3], "pivot": [-2, 17.75, 0.25], "rotation": [2.48574, -45.32621, -90.01004], "uv": [6, 19]}
					]
				},
				{
					"name": "right_ear",
					"parent": "head",
					"pivot": [2, 17.75, 0.25],
					"rotation": [-12.5, -40, 0],
					"cubes": [
						{"origin": [2, 17.75, -1.25], "size": [0, 4, 3], "pivot": [2, 17.75, 0.25], "rotation": [2.48574, 45.32621, 90.01004], "uv": [0, 19]}
					]
				},
				{
					"name": "eyes",
					"parent": "head",
					"pivot": [-2, 17.75, -1.5]
				},
				{
					"name": "opened",
					"parent": "eyes",
					"pivot": [-2, 17.25, -1.5]
				},
				{
					"name": "right_opened",
					"parent": "opened",
					"pivot": [2, 17.25, -1.5],
					"cubes": [
						{"origin": [2.01, 16, -3], "size": [0, 2, 3], "uv": [0, -1]}
					]
				},
				{
					"name": "left_opened",
					"parent": "opened",
					"pivot": [2, 17.25, -1.5],
					"cubes": [
						{"origin": [-2.01, 16, -3], "size": [0, 2, 3], "uv": [0, -3]}
					]
				},
				{
					"name": "closed",
					"parent": "eyes",
					"pivot": [2, 17.25, -1.5]
				},
				{
					"name": "right_closed",
					"parent": "closed",
					"pivot": [-2, 17.25, -1.5],
					"cubes": [
						{"origin": [1.92, 16, -3], "size": [0, 2, 3], "uv": [12, 20]}
					]
				},
				{
					"name": "left_closed",
					"parent": "closed",
					"pivot": [-2, 17.25, -1.5],
					"cubes": [
						{"origin": [-1.92, 16, -3], "size": [0, 2, 3], "uv": [18, 20]}
					]
				},
				{
					"name": "nose",
					"parent": "head",
					"pivot": [0, 17.25, -3],
					"rotation": [15, 0, 0],
					"cubes": [
						{"origin": [-0.5, 16.75, -5.5], "size": [1, 1, 3], "uv": [20, 15]},
						{"origin": [-0.5, 16.75, -5.5], "size": [1, 2, 1], "inflate": 0.01, "pivot": [0, 16.75, -5.5], "rotation": [25, 0, 0], "uv": [12, 17]}
					]
				},
				{
					"name": "butt",
					"parent": "body",
					"pivot": [0, 9.25, 0.25],
					"cubes": [
						{"origin": [-1, 6, -0.75], "size": [2, 4, 2], "uv": [19, 6]},
						{"origin": [-0.5, 7, -0.76], "size": [1, 3, 0], "uv": [12, 29]}
					]
				},
				{
					"name": "feet_flipper_front",
					"parent": "butt",
					"pivot": [0, 6, -0.25],
					"rotation": [-30, 0, 0],
					"cubes": [
						{"origin": [-0.5, 4, -0.25], "size": [1, 2, 0], "uv": [0, 14]}
					]
				},
				{
					"name": "feet_flipper_front_end",
					"parent": "feet_flipper_front",
					"pivot": [0, 4, -0.25],
					"cubes": [
						{"origin": [-1.5, 0, -0.25], "size": [3, 4, 0], "uv": [24, 24]}
					]
				},
				{
					"name": "feet_flipper_right",
					"parent": "butt",
					"pivot": [0.5, 6, 0.25],
					"rotation": [0, 90, -30],
					"cubes": [
						{"origin": [0, 4, 0.25], "size": [1, 2, 0], "uv": [8, 26]}
					]
				},
				{
					"name": "feet_flipper_right_end",
					"parent": "feet_flipper_right",
					"pivot": [0.5, 4, 0.25],
					"cubes": [
						{"origin": [-1, 0, 0.25], "size": [3, 4, 0], "uv": [24, 28]}
					]
				},
				{
					"name": "feet_flipper_left",
					"parent": "butt",
					"pivot": [-0.5, 6, 0.25],
					"rotation": [0, -90, 30],
					"cubes": [
						{"origin": [-1, 4, 0.25], "size": [1, 2, 0], "uv": [6, 26]}
					]
				},
				{
					"name": "feet_flipper_left_end",
					"parent": "feet_flipper_left",
					"pivot": [-0.5, 4, 0.25],
					"cubes": [
						{"origin": [-2, 0, 0.25], "size": [3, 4, 0], "uv": [24, 20]}
					]
				}
			]
		}
	]
}