{
	"format_version": "1.8.0",
	"animations": {
		"animation.vibrava.ground_idle": {
			"loop": true,
			"bones": {
				"body": {
					"position": [0, -0.75, 0]
				},
				"head": {
					"rotation": [7.5, 0, 0]
				},
				"wing_base_left": {
					"rotation": [0, -22.5, 0]
				},
				"leg_front_left": {
					"rotation": [0, 20, 0]
				},
				"leg_back_left": {
					"rotation": [0, -15, 0]
				},
				"leg_front_right": {
					"rotation": [-0.00002, -15, 0]
				},
				"leg_back_right": {
					"rotation": [0, 15, 0]
				},
				"wing_front_left": {
					"rotation": [0, 55, 0]
				},
				"wing_front_left_rotation": {
					"rotation": [0, 0, 15]
				},
				"wing_back_left": {
					"rotation": [0, -25, 0]
				},
				"wing_back_left_rotation": {
					"rotation": [0, 0, -15]
				},
				"wing_base_right": {
					"rotation": [0, 20, 0]
				},
				"wing_front_right": {
					"rotation": [0, -55, 0]
				},
				"wing_front_right_rotation": {
					"rotation": [0, 0, -15]
				},
				"wing_back_right": {
					"rotation": [0, 25, 0]
				},
				"wing_back_right_rotation": {
					"rotation": [0, 0, 15]
				},
				"antenna_left": {
					"rotation": [0, -7.5, 0]
				},
				"antenna_left2": {
					"rotation": [-5, 0, 0]
				},
				"antenna_right": {
					"rotation": [0, 5, 0]
				},
				"antenna_right2": {
					"rotation": [-5, 0, 0]
				}
			}
		},
		"animation.vibrava.blink": {
			"animation_length": 0.16667,
			"bones": {
				"eyelid_left": {
					"position": {
						"0.0": [2, 0, 0],
						"0.125": [2, 0, 0],
						"0.1667": [0, 0, 0]
					}
				},
				"eyelid_right": {
					"position": {
						"0.0": [-2, 0, 0],
						"0.125": [-2, 0, 0],
						"0.1667": [0, 0, 0]
					}
				}
			}
		}
	}
}