{
    "species": "cobblemon:rapidash",
    "order": 3,
    "variations": [
      {
        "aspects": ["cheseian"],
        "model": "cobblemon:rapidash_cheseian.geo",
        "texture": "cobblemon:textures/pokemon/0078_rapidash/rapidash_cheseian.png",
        "layers": [
          {
          "name": "emissive",
          "texture": {
            "frames": [
              "cobblemon:textures/pokemon/0078_rapidash/hair/1.png"
            ],
            "fps": 0,
            "loop": false
          },
          "emissive": false
        }
      ]
    }
  ]
}