{
	"format_version": "1.8.0",
	"animations": {
		"animation.growlithe.test": {
			"loop": true,
			"bones": {
				"upper_torso": {
					"rotation": [-10, 12.5, 0]
				},
				"neck": {
					"rotation": [12.5, 0, 0]
				},
				"head": {
					"rotation": [-22.5, 0, 0]
				},
				"torso": {
					"rotation": [20.01754, 2.34914, 0.85553],
					"position": [0, -0.5, 0]
				},
				"left_shoulder": {
					"rotation": [0, -7.5, 0],
					"position": [-0.5, -2.25, -0.5]
				},
				"left_elbow": {
					"rotation": [-47.5, 0, 0]
				},
				"left_frontpaw": {
					"rotation": [47.5, 0, 0]
				},
				"right_shoulder": {
					"rotation": [-37.23302, 26.04029, 0.78176],
					"position": [-1.75, -3.5, 1.25]
				},
				"right_elbow": {
					"rotation": [-32.5, 0, 0]
				},
				"right_frontpaw": {
					"rotation": [70, 0, 0],
					"position": [0, 0, 0]
				},
				"left_thigh": {
					"rotation": [17.34806, -5.51805, 0.88749]
				},
				"left_knee": {
					"rotation": [-15, 0, 0]
				},
				"left_ankle": {
					"rotation": [-5, 0, 0]
				},
				"left_foot": {
					"rotation": [2.5, 0, 0]
				},
				"right_thigh": {
					"rotation": [-19.85955, 5.5515, 0.64522]
				},
				"right_knee": {
					"rotation": [10, 0, 0]
				},
				"right_ankle": {
					"rotation": [10, 0, 0]
				},
				"jaw": {
					"rotation": [50, 0, 0]
				},
				"chest_fluff": {
					"rotation": [0, 0, 0]
				},
				"head_fluff": {
					"rotation": [0, 0, 0]
				},
				"head_fluff2": {
					"rotation": [0, 5, 0]
				},
				"tail": {
					"rotation": [-4.38707, 15.37676, 0.00177]
				},
				"tail2": {
					"rotation": [2.4799, 0.569, -0.23549]
				},
				"tail_fluff": {
					"rotation": [0.08453, 7.38542, 6.30962]
				},
				"left_tail_fluff": {
					"rotation": [0.30933, 6.95223, 2.45879]
				},
				"right_tail_fluff": {
					"rotation": [0, 2.5, 0]
				}
			}
		},
		"animation.growlithe.test2": {
			"loop": true,
			"bones": {
				"upper_torso": {
					"rotation": [7.52832, 4.95712, 0.65426]
				},
				"neck": {
					"rotation": [25, 0, 0],
					"position": [0, 1, 0]
				},
				"head": {
					"rotation": [-10.1076, 3.82821, -3.21873]
				},
				"torso": {
					"rotation": [-22.5, 0, 0],
					"position": [0, -0.5, 0]
				},
				"left_shoulder": {
					"rotation": [-35.37196, -3.52137, -0.31015],
					"position": [-0.25, 1.5, 0.25]
				},
				"left_elbow": {
					"rotation": [-35, 0, 0]
				},
				"left_frontpaw": {
					"rotation": [42.5, 0, 0]
				},
				"right_shoulder": {
					"rotation": [-65.09267, 10.51047, 0.71477],
					"position": [-0.25, 1.5, 0.25]
				},
				"right_elbow": {
					"rotation": [-20, 0, 0]
				},
				"right_frontpaw": {
					"rotation": [45, 0, 0],
					"position": [0, 0, 0]
				},
				"left_thigh": {
					"rotation": [17.5, 0, 0]
				},
				"left_knee": {
					"rotation": [0, 0, 0]
				},
				"left_ankle": {
					"rotation": [-5, 0, 0]
				},
				"left_foot": {
					"rotation": [122.5, 0, 0]
				},
				"right_thigh": {
					"rotation": [-12.35955, 5.5515, 0.64522]
				},
				"right_knee": {
					"rotation": [12.5, 0, 0]
				},
				"right_ankle": {
					"rotation": [-7.5, 0, 0]
				},
				"jaw": {
					"rotation": [50, 0, 0]
				},
				"chest_fluff": {
					"rotation": [10, 0, 0]
				},
				"head_fluff": {
					"rotation": [0, 0, 0]
				},
				"head_fluff2": {
					"rotation": [0, 5, 0]
				},
				"tail": {
					"rotation": [0.05461, -3.53497, -5.00169]
				},
				"tail2": {
					"rotation": [-0.02379, -4.37771, -1.52245]
				},
				"tail_fluff": {
					"rotation": [29.98194, -5.22028, -1.99846]
				},
				"left_tail_fluff": {
					"rotation": [30.02686, -1.60667, -1.91561]
				},
				"body": {
					"position": [0, 2, 0]
				},
				"left_ear": {
					"rotation": [0, 5, 0]
				},
				"right_ear": {
					"rotation": [0, 5, 0]
				},
				"right_foot": {
					"rotation": [122.5, 0, 0]
				},
				"right_tail_fluff": {
					"rotation": [30.10753, -3.21154, -3.83424]
				}
			}
		},
		"animation.growlithe.test3": {
			"loop": true,
			"bones": {
				"body": {
					"position": [0, -4.25, 0]
				},
				"torso": {
					"rotation": [-45, 0, 0],
					"position": [0, -0.25, 0]
				},
				"upper_torso": {
					"rotation": [0, 0, 0]
				},
				"neck": {
					"rotation": [30, 0, 0],
					"position": [0, 0, -0.5]
				},
				"head": {
					"rotation": [17.5, 0, 0]
				},
				"chest_fluff": {
					"rotation": [17.5, 0, 0],
					"position": [0, -1, 0]
				},
				"left_chest_fluff": {
					"rotation": [7.68477, 0.29082, -3.81224]
				},
				"right_chest_fluff": {
					"rotation": [7.68477, -0.29082, 3.81224]
				},
				"bottom_chest_fluff": {
					"rotation": [12.5, 0, 0]
				},
				"tail": {
					"rotation": [35, 0, 0],
					"position": [0, 0.5, -0.5]
				},
				"tail_fluff": {
					"rotation": [7.5, 0, 0]
				},
				"left_tail_fluff": {
					"rotation": [5, 0, 0]
				},
				"left_shoulder": {
					"rotation": [12.5, 0, 0],
					"position": [0, 3.75, 0.5]
				},
				"left_elbow": {
					"rotation": [-12.5, 0, 0]
				},
				"right_shoulder": {
					"rotation": [12.5, 0, 0],
					"position": [0, 3.75, 0.5]
				},
				"right_elbow": {
					"rotation": [-12.5, 0, 0]
				},
				"left_thigh": {
					"rotation": [-25, 0, 0],
					"position": [0, 1, 0]
				},
				"left_knee": {
					"rotation": [7.5, 0, 0]
				},
				"left_ankle": {
					"rotation": [-45, 0, 0]
				},
				"left_foot": {
					"rotation": [62.5, 0, 0],
					"position": [0, 0, -0.5]
				},
				"right_thigh": {
					"rotation": [-25, 0, 0],
					"position": [0, 1, 0]
				},
				"right_knee": {
					"rotation": [7.5, 0, 0]
				},
				"right_ankle": {
					"rotation": [-45, 0, 0]
				},
				"right_foot": {
					"rotation": [62.5, 0, 0],
					"position": [0, 0, -0.5]
				},
				"right_tail_fluff": {
					"rotation": [5, 0, 0]
				}
			}
		},
		"animation.growlithe.idle": {
			"loop": true,
			"bones": {
				"body": {
					"position": [0, -0.5, 0]
				},
				"torso": {
					"rotation": [1, 0, 0]
				},
				"upper_torso": {
					"rotation": [-3, 0, 0]
				},
				"head": {
					"rotation": [0, 0, 0]
				},
				"left_shoulder": {
					"rotation": [7.5, 0, 0]
				},
				"left_elbow": {
					"rotation": [-15, 0, 0]
				},
				"left_frontpaw": {
					"rotation": [7.5, 0, 0]
				},
				"right_shoulder": {
					"rotation": [7.5, 0, 0]
				},
				"right_elbow": {
					"rotation": [-15, 0, 0]
				},
				"right_frontpaw": {
					"rotation": [7.5, 0, 0]
				},
				"left_thigh": {
					"rotation": [-2.5, 0, 0]
				},
				"left_knee": {
					"rotation": [5, 0, 0]
				},
				"left_ankle": {
					"rotation": [-2.5, 0, 0]
				},
				"left_foot": {
					"rotation": [0, 0, 0]
				},
				"right_thigh": {
					"rotation": [-2.5, 0, 0]
				},
				"right_knee": {
					"rotation": [5, 0, 0]
				},
				"right_ankle": {
					"rotation": [-2.5, 0, 0]
				}
			}
		},
		"animation.growlithe.blink": {
			"animation_length": 0.16667,
			"bones": {
				"right_eyelid": {
					"position": {
						"0.0": [-0.1, 0, -0.1],
						"0.125": [-0.1, 0, -0.1],
						"0.1667": [0, 0, 0]
					}
				},
				"left_eyelid": {
					"position": {
						"0.0": [0.1, 0, -0.1],
						"0.125": [0.1, 0, -0.1],
						"0.1667": [0, 0, 0]
					}
				}
			}
		}
	}
}