{
	"format_version": "1.12.0",
	"minecraft:geometry": [
		{
			"description": {
				"identifier": "geometry.litwick",
				"texture_width": 64,
				"texture_height": 32,
				"visible_bounds_width": 2,
				"visible_bounds_height": 2.5,
				"visible_bounds_offset": [0, 0.75, 0]
			},
			"bones": [
				{
					"name": "litwick",
					"pivot": [0, 0, 0]
				},
				{
					"name": "body",
					"parent": "litwick",
					"pivot": [0, 0, 0]
				},
				{
					"name": "wax_trail",
					"parent": "body",
					"pivot": [0, 0, 0],
					"cubes": [
						{"origin": [-4, 0.015, -4], "size": [8, 0, 8], "uv": [0, 0]}
					]
				},
				{
					"name": "wax_trail2",
					"parent": "wax_trail",
					"pivot": [0, 0, 0],
					"cubes": [
						{"origin": [-4, 0.02, 0], "size": [8, 0, 4], "uv": [14, 8]}
					]
				},
				{
					"name": "head",
					"parent": "body",
					"pivot": [0, 0, 0],
					"cubes": [
						{"origin": [-3, 0, -3], "size": [6, 7, 6], "uv": [0, 8]}
					]
				},
				{
					"name": "hair",
					"parent": "head",
					"pivot": [0, 9.5, 0],
					"cubes": [
						{"origin": [-3.5, 7.5, -3.5], "size": [7, 0, 7], "uv": [17, 0]},
						{"origin": [-3.5, 2.5, -3.5], "size": [7, 5, 0], "uv": [0, 26]},
						{"origin": [-3.5, 2.5, -3.5], "size": [0, 5, 7], "uv": [14, 14]},
						{"origin": [3.5, 2.5, -3.5], "size": [0, 5, 7], "uv": [0, 14]},
						{"origin": [-3.5, 2.5, 3.5], "size": [7, 5, 0], "uv": [24, 12]}
					]
				},
				{
					"name": "flame",
					"parent": "hair",
					"pivot": [0, 7.5, 0],
					"cubes": [
						{"origin": [-2, 7, 0], "size": [4, 5, 0], "uv": [0, 0]},
						{"origin": [0, 7, -2], "size": [0, 5, 4], "uv": [14, 22]}
					]
				},
				{
					"name": "arm_right",
					"parent": "head",
					"pivot": [-3, 2, -0.5],
					"rotation": [0, 0, -90],
					"cubes": [
						{"origin": [-3, 2, -2], "size": [0, 2, 2], "uv": [18, 10]}
					]
				},
				{
					"name": "arm_left",
					"parent": "head",
					"pivot": [3, 2, -0.5],
					"rotation": [0, 0, -90],
					"cubes": [
						{"origin": [3, 0, -2], "size": [0, 2, 2], "uv": [0, 9]}
					]
				},
				{
					"name": "eyes",
					"parent": "head",
					"pivot": [0, 4.5, -4]
				},
				{
					"name": "eye_right",
					"parent": "eyes",
					"pivot": [-2, 2.5, -3],
					"cubes": [
						{"origin": [-2.5, 2.5, -3.01], "size": [1, 1, 0], "uv": [6, 6]}
					]
				},
				{
					"name": "eyelid_right",
					"parent": "eye_right",
					"pivot": [-1.9, 2.5, -2.9],
					"cubes": [
						{"origin": [-2.9, 2.5, -2.91], "size": [2, 2, 1], "inflate": 0.01, "uv": [0, 8]}
					]
				},
				{
					"name": "eye_left",
					"parent": "eyes",
					"pivot": [2, 2.5, -3],
					"cubes": [
						{"origin": [1.5, 2.5, -3.01], "size": [1, 1, 0], "uv": [5, 5]}
					]
				},
				{
					"name": "eyelid_left",
					"parent": "eye_left",
					"pivot": [1.9, 2.5, -2.9],
					"cubes": [
						{"origin": [0.9, 2.5, -2.91], "size": [2, 2, 1], "inflate": 0.01, "uv": [0, 5]}
					]
				},
				{
					"name": "mouth",
					"parent": "head",
					"pivot": [0, 2.5, -3]
				},
				{
					"name": "lip",
					"parent": "mouth",
					"pivot": [0, 2.5, -3],
					"rotation": [-5, 0, 0],
					"cubes": [
						{"origin": [-1, 1.5, -3.01], "size": [2, 1, 0], "uv": [24, 7]}
					]
				},
				{
					"name": "mouth_small",
					"parent": "mouth",
					"pivot": [0, 2.5, -3],
					"cubes": [
						{"origin": [-1, 1.5, -3.01], "size": [2, 1, 0], "uv": [0, 13]}
					]
				},
				{
					"name": "mouth_large",
					"parent": "mouth",
					"pivot": [0, 2.5, -2.9],
					"cubes": [
						{"origin": [-1, 0.5, -2.91], "size": [2, 2, 0], "uv": [24, 17]}
					]
				}
			]
		}
	]
}