{
	"format_version": "1.8.0",
	"animations": {
		"animation.padlume.ground_idle": {
			"loop": true,
			"bones": {
				"head": {
					"rotation": {
						"0.0": [0, 0, 0],
						"1.0": [-7.5, 0, 0],
						"2.0": [-7.67995, 12.39135, -1.6575],
						"3.0": [-10, 0, 0],
						"4.0": [0, 5, 0]
					}
				}
			}
		},
		"animation.padlume.ground_walk": {
			"loop": true,
			"animation_length": 2,
			"bones": {
				"left_leg": {
					"rotation": {
						"0.0": [0, 0, 0],
						"1.0": [5, 0, 0],
						"2.0": [-5, 0, 0]
					}
				},
				"right_leg": {
					"rotation": {
						"0.0": [0, 0, 0],
						"1.0": [-5, 0, 0],
						"2.0": [5, 0, 0]
					}
				}
			}
		},
		"animation.padlume.faint": {
			"animation_length": 1,
			"bones": {
				"body": {
					"rotation": {
						"0.0": [0, 0, 0],
						"0.5": [-25, 0, 0]
					}
				},
				"left_leg": {
					"rotation": {
						"0.0": [0, 0, 0],
						"0.6667": [-17.5, 0, 0]
					}
				},
				"right_leg": {
					"rotation": {
						"0.0": [0, 0, 0],
						"0.6667": [-20, 0, 0]
					}
				}
			}
		}
	}
}