{
	"format_version": "1.8.0",
	"animations": {
		"animation.trapinch.ground_idle": {
			"loop": true,
			"bones": {
				"head": {
					"rotation": [0, 0, 0]
				},
				"upper_head": {
					"rotation": [-7.5, 0, 0]
				},
				"lower_head": {
					"rotation": [10, 0, 0]
				}
			}
		},
		"animation.trapinch.blink": {
			"animation_length": 0.16667,
			"bones": {
				"eyelid_left": {
					"position": {
						"0.0": [0.1, 0, 0],
						"0.125": [0.1, 0, 0],
						"0.1667": [0, 0, 0]
					}
				},
				"eyelid_right": {
					"position": {
						"0.0": [-0.1, 0, 0],
						"0.125": [-0.1, 0, 0],
						"0.1667": [0.1, 0, 0]
					}
				}
			}
		}
	}
}