{
  "enabled": true,
  "neededInstalledMods": [],
  "neededUninstalledMods": [],
  "spawns": [
    {
      "id": "klinklang-cheseian-1",
      "pokemon": "klinklang cheseian",
      "presets": [
        "natural"
      ],
      "type": "pokemon",
      "context": "grounded",
      "bucket": "uncommon",
      "level": "45-65",
      "weight": 0.5,
      "condition": {
        "canSeeSky": true,
        "biomes": [
          "#cobblemon:is_forest"
        ]
      }
    }
  ]
}