{
	"format_version": "1.8.0",
	"animations": {
		"animation.aron.ground_idle": {
			"loop": true,
			"bones": {
				"torso": {
					"rotation": [0, 0, "math.sin(q.anim_time*90*1)*0.2"],
					"position": [0, "math.sin(q.anim_time*90*2+180)*0.1", 0]
				},
				"head": {
					"position": [0, "math.sin(q.anim_time*90*2+180+50)*0.1", 0]
				}
			}
		},
		"animation.aron.ground_walk": {
			"loop": true,
			"bones": {
				"body": {
					"rotation": [
						"math.clamp(math.sin(query.anim_time*180*3)*1.5,0.5,1.5)+math.clamp(-math.sin(query.anim_time*180*3)*1.5,0.5,1.5)-1",
						0,
						"-math.sin(query.anim_time*180*3)*1.5"
					],
					"position": [
						0,
						"-math.clamp(math.sin(-query.anim_time*180*3+45)*0.6,0,1)-math.clamp(math.sin(-query.anim_time*180*3+45+180)*0.6,0,1)+0.6",
						"-math.clamp(math.sin(query.anim_time*180*3*2)*0.4,0,0.35)+math.clamp(math.sin(-query.anim_time*180*3*2)*0.4,0,0.35)"
					]
				},
				"leg_front_right": {
					"rotation": [
						"-math.clamp(math.sin(query.anim_time*180*3+45)*10,-15,14)+math.clamp(-math.sin(query.anim_time*180*3+180)*12,5,13)-5",
						"math.clamp(-math.sin(query.anim_time*180*3+180*1)*7.5,0,10)+math.clamp(-math.sin(query.anim_time*180*3-90+180*1)*2,0,10)",
						0
					],
					"position": [
						0,
						"-math.clamp(-math.sin(query.anim_time*180*3+45)*0.5,0.3,3)+math.clamp(-math.sin(query.anim_time*180*3-30+180)*1.5,0.7,0.9)+math.clamp(-math.sin(query.anim_time*180*3-35)*2,1,2)-1.4",
						"-0.5-math.clamp(math.sin(query.anim_time*180*3)*0.6,-0.5,1)-math.clamp(math.sin(query.anim_time*180*3)*0.2,-0.8,0)"
					]
				},
				"leg_front_left": {
					"rotation": [
						"-math.clamp(math.sin(query.anim_time*180*3+45+180)*10,-15,14)+math.clamp(-math.sin(query.anim_time*180*3+180*2)*12,5,13)-5",
						"-math.clamp(-math.sin(query.anim_time*180*3+180*2)*7.5,0,10)-math.clamp(-math.sin(query.anim_time*180*3-90+180*2)*2,0,10)",
						0
					],
					"position": [
						0,
						"-math.clamp(-math.sin(query.anim_time*180*3+45+180)*0.5,0.3,3)+math.clamp(-math.sin(query.anim_time*180*3-30)*1.5,0.7,0.9)+math.clamp(-math.sin(query.anim_time*180*3-35+180)*2,1,2)-1.4",
						"-0.5-math.clamp(math.sin(query.anim_time*180*3+180)*0.6,-0.5,1)-math.clamp(math.sin(query.anim_time*180*3+180)*0.2,-0.8,0)"
					]
				},
				"leg_back_left": {
					"rotation": [
						"-math.clamp(math.sin(query.anim_time*180*3+45)*10,-15,14)+math.clamp(-math.sin(query.anim_time*180*3+180)*12,5,13)-5",
						"math.clamp(-math.sin(query.anim_time*180*3+180*1)*7.5,0,10)+math.clamp(-math.sin(query.anim_time*180*3-90+180*1)*2,0,10)",
						0
					],
					"position": [
						0,
						"math.clamp(-math.sin(query.anim_time*180*3+45)*0.6,0.3,2)-0.3-math.clamp(-math.sin(query.anim_time*180*3+45+180)*0.9,0.6,0.9)-0.4+math.clamp(-math.sin(query.anim_time*180*3-40+180)*1.5,0.7,0.9)+math.clamp(-math.sin(query.anim_time*180*3-35)*2,1,2)-1",
						"0.5-math.clamp(math.sin(query.anim_time*180*3)*0.6,-0.5,1)-math.clamp(math.sin(query.anim_time*180*3)*0.2,-0.8,0)"
					]
				},
				"leg_back_right": {
					"rotation": [
						"-math.clamp(math.sin(query.anim_time*180*3+45+180)*10,-15,14)+math.clamp(-math.sin(query.anim_time*180*3+180*2)*12,5,13)-5",
						"-math.clamp(-math.sin(query.anim_time*180*3+180*2)*7.5,0,10)-math.clamp(-math.sin(query.anim_time*180*3-90+180*2)*2,0,10)",
						0
					],
					"position": [
						0,
						"math.clamp(-math.sin(query.anim_time*180*3+45+180)*0.6,0.3,2)-0.3-math.clamp(-math.sin(query.anim_time*180*3+45)*0.9,0.6,0.9)-0.4+math.clamp(-math.sin(query.anim_time*180*3-40)*1.5,0.7,0.9)+math.clamp(-math.sin(query.anim_time*180*3-35+180)*2,1,2)-1",
						"0.5-math.clamp(math.sin(query.anim_time*180*3+180)*0.6,-0.5,1)-math.clamp(math.sin(query.anim_time*180*3+180)*0.2,-0.8,0)"
					]
				},
				"head": {
					"position": [0, "-math.clamp(math.sin(-query.anim_time*180*3+45)*0.6,0,1)-math.clamp(math.sin(-query.anim_time*180*3+45+180)*0.6,0,1)", 0]
				}
			}
		},
		"animation.aron.ground_walk2": {
			"loop": true,
			"bones": {
				"body": {
					"rotation": [
						"math.clamp(math.sin(query.anim_time*180*3/2)*1.5,0.5,1.5)+math.clamp(-math.sin(query.anim_time*180*3/2)*1.5,0.5,1.5)-1",
						0,
						"-math.sin(query.anim_time*180*3/2)*1.5"
					],
					"position": [
						0,
						"-math.clamp(math.sin(-query.anim_time*90*3+45/2)*0.6,0,1)-math.clamp(math.sin(-query.anim_time*90*3+45/2+180)*0.6,0,1)+0.6",
						"-math.clamp(math.sin(query.anim_time*90*3*2)*0.4,0,0.35)+math.clamp(math.sin(-query.anim_time*90*3*2)*0.4,0,0.35)"
					]
				},
				"leg_front_right": {
					"rotation": [
						"-math.clamp(math.sin(query.anim_time*90*3+45)*10,-15,14)+math.clamp(-math.sin(query.anim_time*90*3+180)*12,5,13)-5",
						"math.clamp(-math.sin(query.anim_time*90*3+180*1)*7.5,0,10)+math.clamp(-math.sin(query.anim_time*90*3-90+180*1)*2,0,10)",
						0
					],
					"position": [
						0,
						"-math.clamp(-math.sin(query.anim_time*90*3+45)*0.5,0.3,3)+math.clamp(-math.sin(query.anim_time*90*3-30+180)*1.5,0.7,0.9)+math.clamp(-math.sin(query.anim_time*90*3-35)*2,1,2)-1.4",
						"-0.5-math.clamp(math.sin(query.anim_time*90*3)*0.6,-0.5,1)-math.clamp(math.sin(query.anim_time*90*3)*0.2,-0.8,0)"
					]
				},
				"leg_front_left": {
					"rotation": [
						"-math.clamp(math.sin(query.anim_time*90*3+45+180)*10,-15,14)+math.clamp(-math.sin(query.anim_time*90*3+180*2)*12,5,13)-5",
						"-math.clamp(-math.sin(query.anim_time*90*3+180*2)*7.5,0,10)-math.clamp(-math.sin(query.anim_time*90*3-90+180*2)*2,0,10)",
						0
					],
					"position": [
						0,
						"-math.clamp(-math.sin(query.anim_time*90*3+45+180)*0.5,0.3,3)+math.clamp(-math.sin(query.anim_time*90*3-30)*1.5,0.7,0.9)+math.clamp(-math.sin(query.anim_time*90*3-35+180)*2,1,2)-1.4",
						"-0.5-math.clamp(math.sin(query.anim_time*90*3+180)*0.6,-0.5,1)-math.clamp(math.sin(query.anim_time*90*3+180)*0.2,-0.8,0)"
					]
				},
				"leg_back_left": {
					"rotation": [
						"-math.clamp(math.sin(query.anim_time*90*3+45)*10,-15,14)+math.clamp(-math.sin(query.anim_time*90*3+180)*12,5,13)-5",
						"math.clamp(-math.sin(query.anim_time*90*3+180*1)*7.5,0,10)+math.clamp(-math.sin(query.anim_time*90*3-90+180*1)*2,0,10)",
						0
					],
					"position": [
						0,
						"math.clamp(-math.sin(query.anim_time*90*3+45)*0.6,0.3,2)-0.3-math.clamp(-math.sin(query.anim_time*90*3+45+180)*0.9,0.6,0.9)-0.4+math.clamp(-math.sin(query.anim_time*90*3-40+180)*1.5,0.7,0.9)+math.clamp(-math.sin(query.anim_time*90*3-35)*2,1,2)-1",
						"0.5-math.clamp(math.sin(query.anim_time*90*3)*0.6,-0.5,1)-math.clamp(math.sin(query.anim_time*90*3)*0.2,-0.8,0)"
					]
				},
				"leg_back_right": {
					"rotation": [
						"-math.clamp(math.sin(query.anim_time*90*3+45+180)*10,-15,14)+math.clamp(-math.sin(query.anim_time*90*3+180*2)*12,5,13)-5",
						"-math.clamp(-math.sin(query.anim_time*90*3+180*2)*7.5,0,10)-math.clamp(-math.sin(query.anim_time*90*3-90+180*2)*2,0,10)",
						0
					],
					"position": [
						0,
						"math.clamp(-math.sin(query.anim_time*90*3+45+180)*0.6,0.3,2)-0.3-math.clamp(-math.sin(query.anim_time*90*3+45)*0.9,0.6,0.9)-0.4+math.clamp(-math.sin(query.anim_time*90*3-40)*1.5,0.7,0.9)+math.clamp(-math.sin(query.anim_time*90*3-35+180)*2,1,2)-1",
						"0.5-math.clamp(math.sin(query.anim_time*90*3+180)*0.6,-0.5,1)-math.clamp(math.sin(query.anim_time*90*3+180)*0.2,-0.8,0)"
					]
				},
				"head": {
					"position": [0, "-math.clamp(math.sin(-query.anim_time*90*3+45/2)*0.6,0,1)-math.clamp(math.sin(-query.anim_time*90*3+45/2+180)*0.6,0,1)", 0]
				}
			}
		},
		"animation.aron.blink": {
			"animation_length": 0.16667,
			"bones": {
				"eyelid_right": {
					"position": {
						"0.0": [-0.1, 0, 0],
						"0.125": [-0.1, 0, 0],
						"0.1667": [0, 0, 0]
					}
				},
				"eyelid_left": {
					"position": {
						"0.0": [0.1, 0, 0],
						"0.125": [0.1, 0, 0],
						"0.1667": [0, 0, 0]
					}
				}
			}
		},
		"animation.aron.cry": {
			"animation_length": 1.5,
			"bones": {
				"neck": {
					"rotation": {
						"0.0": [0, 0, 0],
						"0.25": [10, 0, 0],
						"1.25": [10, 0, 0],
						"1.5": [0, 0, 0]
					}
				},
				"mouth": {
					"position": {
						"0.0": [0, 0, 0],
						"0.25": [0, -2, 0],
						"1.25": [0, -2, 0],
						"1.5": [0, 0, 0]
					}
				},
				"mouth2": {
					"position": {
						"0.0": [0, 0, 0],
						"0.25": [0, -5, 0],
						"1.25": [0, -5, 0],
						"1.5": [0, 0, 0]
					}
				},
				"jaw": {
					"rotation": {
						"0.0": [0, 0, 0],
						"0.25": [25, 0, 0],
						"1.25": [25, 0, 0],
						"1.5": [0, 0, 0]
					}
				},
				"head": {
					"rotation": {
						"0.0": [0, 0, 0],
						"0.25": [-15, 0, 0],
						"1.25": [-15, 0, 0],
						"1.5": [0, 0, 0]
					}
				},
				"head2": {
					"rotation": {
						"0.0": [0, 0, 0],
						"0.25": [-15, 0, 0],
						"1.25": [-15, 0, 0],
						"1.5": [0, 0, 0]
					}
				},
				"mouth_closed2": {
					"position": {
						"0.25": [0, 0, -0.1],
						"0.3333": [0, 0, 0],
						"1.1667": [0, 0, 0],
						"1.25": [0, 0, -0.1]
					}
				},
				"mouth_open2": {
					"position": {
						"0.0": [0, 0, 0.1],
						"0.25": [0, 0, 0],
						"1.25": [0, 0, 0],
						"1.5": [0, 0, 0.1]
					}
				},
				"head3": {
					"rotation": {
						"0.0": [0, 0, 0],
						"0.25": [-15, 0, 0],
						"1.25": [-15, 0, 0],
						"1.5": [0, 0, 0]
					}
				},
				"mouth_closed3": {
					"position": {
						"0.25": [0, 0, -0.1],
						"0.3333": [0, 0, 0],
						"1.1667": [0, 0, 0],
						"1.25": [0, 0, -0.1]
					}
				},
				"mouth_open3": {
					"position": {
						"0.0": [0, 0, 0.1],
						"0.25": [0, 0, 0],
						"1.25": [0, 0, 0],
						"1.5": [0, 0, 0.1]
					}
				},
				"mouth_closed": {
					"position": {
						"0.25": [0, 0, 0],
						"0.3333": [0, 0, 0.1],
						"1.1667": [0, 0, 0.1],
						"1.25": [0, 0, 0]
					}
				},
				"mouth_open": {
					"position": {
						"0.0": [0, 0, 0],
						"0.25": [0, 0, -0.1],
						"1.25": [0, 0, -0.1],
						"1.5": [0, 0, 0]
					}
				}
			}
		}
	}
}