{
    "head": "head",
    "portraitScale":1.98,
    "portraitTranslation": [ 0.07, -1.4, 0 ],
    "profileScale": 1.12,
    "profileTranslation": [ 0.02, -0.1, 0 ],
    "faint": "bedrock(padlume, faint)",
  "poses": {
    "standing": {
      "poseName": "standing",
      "transformTicks": 10,
      "poseTypes": [
        "STAND",
        "NONE",
        "PORTRAIT",
        "PROFILE"
      ],
      "animations": [
        "look",
        "bedrock(padlume, ground_idle)"
      ]
    },
    "walking": {
      "poseName": "walking",
      "transformTicks": 10,
      "poseTypes": [ "WALK" ],
      "animations": [ "bedrock(padlume, ground_walk)" ]
    }
  }
}