{
	"format_version": "1.8.0",
	"animations": {
		"animation.dhelmise.ground_idle": {
			"loop": true,
			"animation_length": 4,
			"bones": {
				"body": {
					"rotation": ["2.5+(math.sin(q.anim_time*90*1-135)*4)", 0, 0],
					"position": [0, "(math.sin(q.anim_time*90*1-90)*1)", 0]
				},
				"wheel": {
					"rotation": [0, 0, "(math.sin(q.anim_time*90*1+15)*6)"]
				},
				"pupil_left": {
					"rotation": [0, 0, "(math.sin(q.anim_time*90*1-40)*12)"],
					"scale": [1, 1, 1]
				},
				"anchor": {
					"rotation": [0, 0, "(math.sin(q.anim_time*90*1-45)*3)"],
					"position": [0, 80, 0]
				},
				"nose_weed_top": {
					"rotation": [0, "5+(math.sin(q.anim_time*90*2-45)*1)", "(math.sin(q.anim_time*90*1-135)*3)"]
				},
				"nose_weed_top2": {
					"rotation": [0, "-10+(math.sin(q.anim_time*90*2-90)*4)", 0]
				},
				"nose_weed_left": {
					"rotation": [0, "2.5+(math.sin(q.anim_time*90*2-45)*2)", "(math.sin(q.anim_time*90*1-135)*3)"]
				},
				"nose_weed_left2": {
					"rotation": [0, "15+(math.sin(q.anim_time*90*2-90)*4)", 0]
				},
				"nose_weed_left3": {
					"rotation": [-1.01663, "-4.6792+(math.sin(q.anim_time*90*2-135)*4)", 1.48205]
				},
				"nose_weed_right": {
					"rotation": [0, "-5+(math.sin(q.anim_time*90*2-45)*1)", "(math.sin(q.anim_time*90*1-135)*3)"]
				},
				"nose_weed_right2": {
					"rotation": [0, "12.5+(math.sin(q.anim_time*90*2-90)*2)", 0]
				},
				"nose_weed_right3": {
					"rotation": [0, "30+(math.sin(q.anim_time*90*2-135)*2)", 0]
				},
				"nose_weed_lower_left": {
					"rotation": [0, "7.5+(math.sin(q.anim_time*90*2-45)*1)", "(math.sin(q.anim_time*90*1-135)*3)"]
				},
				"nose_weed_lower_left2": {
					"rotation": [0, "-25+(math.sin(q.anim_time*90*2-90)*2)", 0]
				},
				"nose_weed_lower_right": {
					"rotation": [0, "-10+(math.sin(q.anim_time*90*2-45)*1)", "(math.sin(q.anim_time*90*1-135)*3)"]
				},
				"nose_weed_lower_right2": {
					"rotation": [0, "-17.5+(math.sin(q.anim_time*90*2-90)*2)", 0]
				},
				"anchor_weed_center2": {
					"rotation": ["-32.5+(math.sin(q.anim_time*90*2-90)*2)", 0, 0]
				},
				"anchor_weed_center3": {
					"rotation": ["-12.5+(math.sin(q.anim_time*90*2-135)*3)", 0, 7.5]
				},
				"anchor_weed_bottom_left3": {
					"rotation": ["10+(math.sin(q.anim_time*90*2-135)*3)", 0, 0]
				},
				"anchor_weed_bottom_right2": {
					"rotation": ["-12.5+(math.sin(q.anim_time*90*2-90)*2)", 0, 0]
				},
				"anchor_weed_bottom_right3": {
					"rotation": ["5+(math.sin(q.anim_time*90*2-135)*3)", 0, 0]
				},
				"anchor_weed_left2": {
					"rotation": ["2.5+(math.sin(q.anim_time*90*2-90)*2)", 0, 0]
				},
				"anchor_weed_right": {
					"rotation": ["15+(math.sin(q.anim_time*90*2-45)*2)", 0, 0]
				},
				"anchor_weed_right2": {
					"rotation": ["15+(math.sin(q.anim_time*90*2-90)*2)", 0, 0]
				},
				"chain": {
					"rotation": [0, 0, "(math.sin(q.anim_time*90*1-45)*3)"],
					"position": [0, 6, 0]
				},
				"chain2": {
					"position": [0, 9, 0]
				},
				"chain3": {
					"position": [0, 9, 0]
				},
				"chain4": {
					"position": [0, 9, 0]
				},
				"chain5": {
					"position": [0, 9, 0]
				},
				"chain6": {
					"position": [0, 9, 0]
				},
				"chain7": {
					"position": [0, 9, 0]
				},
				"chain8": {
					"position": [0, 9, 0]
				},
				"glass_eye_left": {
					"scale": [1, 1, 1]
				},
				"eye_right": {
					"scale": [1, 1, 1]
				},
				"nose_weed_top3": {
					"rotation": [0, "(math.sin(q.anim_time*90*2-135)*4)", 0]
				},
				"anchor_weed_center": {
					"rotation": ["(math.sin(q.anim_time*90*2-45)*2)", 0, 0]
				},
				"anchor_weed_bottom_left": {
					"rotation": ["(math.sin(q.anim_time*90*2-45)*2)", 0, 0]
				},
				"anchor_weed_bottom_left2": {
					"rotation": ["(math.sin(q.anim_time*90*2-90)*2)", 0, 0]
				},
				"anchor_weed_bottom_right": {
					"rotation": ["(math.sin(q.anim_time*90*2-45)*2)", 0, 0]
				},
				"anchor_weed_left": {
					"rotation": ["(math.sin(q.anim_time*90*2-45)*2)", 0, 0]
				}
			}
		},
		"animation.dhelmise.water_idle": {
			"loop": true,
			"animation_length": 4,
			"bones": {
				"body": {
					"rotation": ["2.5+(math.sin(q.anim_time*90*1-135)*4)", 0, 0],
					"position": [0, "(math.sin(q.anim_time*90*1-90)*1)", 0]
				},
				"wheel": {
					"rotation": [0, 0, "(math.sin(q.anim_time*90*1+15)*6)"]
				},
				"pupil_left": {
					"rotation": [0, 0, "(math.sin(q.anim_time*90*1-40)*12)"],
					"scale": [1, 1, 1]
				},
				"anchor": {
					"rotation": [0, 0, "(math.sin(q.anim_time*90*1-45)*3)"],
					"position": [0, 80, 0]
				},
				"nose_weed_top": {
					"rotation": [0, "5+(math.sin(q.anim_time*90*2-45)*1)", "(math.sin(q.anim_time*90*1-135)*3)"]
				},
				"nose_weed_top2": {
					"rotation": [0, "-10+(math.sin(q.anim_time*90*2-90)*4)", 0]
				},
				"nose_weed_left": {
					"rotation": [0, "2.5+(math.sin(q.anim_time*90*2-45)*2)", "(math.sin(q.anim_time*90*1-135)*3)"]
				},
				"nose_weed_left2": {
					"rotation": [0, "15+(math.sin(q.anim_time*90*2-90)*4)", 0]
				},
				"nose_weed_left3": {
					"rotation": [-1.01663, "-4.6792+(math.sin(q.anim_time*90*2-135)*4)", 1.48205]
				},
				"nose_weed_right": {
					"rotation": [0, "-5+(math.sin(q.anim_time*90*2-45)*1)", "(math.sin(q.anim_time*90*1-135)*3)"]
				},
				"nose_weed_right2": {
					"rotation": [0, "12.5+(math.sin(q.anim_time*90*2-90)*2)", 0]
				},
				"nose_weed_right3": {
					"rotation": [0, "30+(math.sin(q.anim_time*90*2-135)*2)", 0]
				},
				"nose_weed_lower_left": {
					"rotation": [0, "7.5+(math.sin(q.anim_time*90*2-45)*1)", "(math.sin(q.anim_time*90*1-135)*3)"]
				},
				"nose_weed_lower_left2": {
					"rotation": [0, "-25+(math.sin(q.anim_time*90*2-90)*2)", 0]
				},
				"nose_weed_lower_right": {
					"rotation": [0, "-10+(math.sin(q.anim_time*90*2-45)*1)", "(math.sin(q.anim_time*90*1-135)*3)"]
				},
				"nose_weed_lower_right2": {
					"rotation": [0, "-17.5+(math.sin(q.anim_time*90*2-90)*2)", 0]
				},
				"anchor_weed_center2": {
					"rotation": ["-32.5+(math.sin(q.anim_time*90*2-90)*2)", 0, 0]
				},
				"anchor_weed_center3": {
					"rotation": ["-12.5+(math.sin(q.anim_time*90*2-135)*3)", 0, 7.5]
				},
				"anchor_weed_bottom_left3": {
					"rotation": ["10+(math.sin(q.anim_time*90*2-135)*3)", 0, 0]
				},
				"anchor_weed_bottom_right2": {
					"rotation": ["-12.5+(math.sin(q.anim_time*90*2-90)*2)", 0, 0]
				},
				"anchor_weed_bottom_right3": {
					"rotation": ["5+(math.sin(q.anim_time*90*2-135)*3)", 0, 0]
				},
				"anchor_weed_left2": {
					"rotation": ["2.5+(math.sin(q.anim_time*90*2-90)*2)", 0, 0]
				},
				"anchor_weed_right": {
					"rotation": ["15+(math.sin(q.anim_time*90*2-45)*2)", 0, 0]
				},
				"anchor_weed_right2": {
					"rotation": ["15+(math.sin(q.anim_time*90*2-90)*2)", 0, 0]
				},
				"chain": {
					"rotation": [0, 0, "(math.sin(q.anim_time*90*1-45)*3)"],
					"position": [0, 6, 0]
				},
				"chain2": {
					"position": [0, 9, 0]
				},
				"chain3": {
					"position": [0, 9, 0]
				},
				"chain4": {
					"position": [0, 9, 0]
				},
				"chain5": {
					"position": [0, 9, 0]
				},
				"chain6": {
					"position": [0, 9, 0]
				},
				"chain7": {
					"position": [0, 9, 0]
				},
				"chain8": {
					"position": [0, 9, 0]
				},
				"glass_eye_left": {
					"scale": [1, 1, 1]
				},
				"eye_right": {
					"scale": [1, 1, 1]
				},
				"nose_weed_top3": {
					"rotation": [0, "(math.sin(q.anim_time*90*2-135)*4)", 0]
				},
				"anchor_weed_center": {
					"rotation": ["(math.sin(q.anim_time*90*2-45)*2)", 0, 0]
				},
				"anchor_weed_bottom_left": {
					"rotation": ["(math.sin(q.anim_time*90*2-45)*2)", 0, 0]
				},
				"anchor_weed_bottom_left2": {
					"rotation": ["(math.sin(q.anim_time*90*2-90)*2)", 0, 0]
				},
				"anchor_weed_bottom_right": {
					"rotation": ["(math.sin(q.anim_time*90*2-45)*2)", 0, 0]
				},
				"anchor_weed_left": {
					"rotation": ["(math.sin(q.anim_time*90*2-45)*2)", 0, 0]
				}
			}
		},
		"animation.dhelmise.ground_walk": {
			"loop": true,
			"animation_length": 2,
			"bones": {
				"body": {
					"rotation": ["25+(math.sin(q.anim_time*90*2-135)*8)", 0, 0],
					"position": [0, "(math.sin(q.anim_time*90*2-90)*2)", -5]
				},
				"wheel": {
					"rotation": [0, 0, "(math.sin(q.anim_time*90*2+15)*10)"]
				},
				"pupil_left": {
					"rotation": [0, 0, "(math.sin(q.anim_time*90*2-40)*24)"],
					"scale": [1, 1, 1]
				},
				"anchor": {
					"rotation": [0, 0, "(math.sin(q.anim_time*90*2-45)*4)"],
					"position": [0, 80, 0]
				},
				"nose_weed_top": {
					"rotation": [0, "-2.5+(math.sin(q.anim_time*90*4-45)*1)", "0+(math.sin(q.anim_time*90*2-135)*3)"]
				},
				"nose_weed_top2": {
					"rotation": [0, "-10+(math.sin(q.anim_time*90*4-90)*4)", 0]
				},
				"nose_weed_left": {
					"rotation": [0, "2.5+(math.sin(q.anim_time*90*4-45)*2)", "(math.sin(q.anim_time*90*2-135)*3)"]
				},
				"nose_weed_left2": {
					"rotation": [0, "-2.5+(math.sin(q.anim_time*90*4-90)*4)", 0]
				},
				"nose_weed_left3": {
					"rotation": [-1.11217, "-22.1763+(math.sin(q.anim_time*90*4-135)*4)", 1.81935]
				},
				"nose_weed_right": {
					"rotation": [0, "-5+(math.sin(q.anim_time*90*4-45)*1)", "(math.sin(q.anim_time*90*2-135)*3)"]
				},
				"nose_weed_right2": {
					"rotation": [0, "12.5+(math.sin(q.anim_time*90*4-90)*2)", 0]
				},
				"nose_weed_right3": {
					"rotation": [0, "30+(math.sin(q.anim_time*90*4-135)*2)", 0]
				},
				"nose_weed_lower_left": {
					"rotation": [0, "7.5+(math.sin(q.anim_time*90*4-45)*1)", "(math.sin(q.anim_time*90*2-135)*3)"]
				},
				"nose_weed_lower_left2": {
					"rotation": [0, "-25+(math.sin(q.anim_time*90*4-90)*2)", 0]
				},
				"nose_weed_lower_right": {
					"rotation": [0, "-10+(math.sin(q.anim_time*90*4-45)*1)", "(math.sin(q.anim_time*90*2-135)*3)"]
				},
				"nose_weed_lower_right2": {
					"rotation": [0, "12.5+(math.sin(q.anim_time*90*4-90)*2)", 0]
				},
				"anchor_weed_center2": {
					"rotation": ["25+(math.sin(q.anim_time*90*4-90)*8)", 0, 0]
				},
				"anchor_weed_center3": {
					"rotation": ["-12.5+(math.sin(q.anim_time*90*4-135)*8)", 0, 7.5]
				},
				"anchor_weed_bottom_left3": {
					"rotation": ["10+(math.sin(q.anim_time*90*4-135)*3)", 0, 0]
				},
				"anchor_weed_bottom_right2": {
					"rotation": ["(math.sin(q.anim_time*90*4-90)*8)", 0, 0]
				},
				"anchor_weed_bottom_right3": {
					"rotation": ["20+(math.sin(q.anim_time*90*4-135)*6)", 0, 0]
				},
				"anchor_weed_left2": {
					"rotation": ["2.5+(math.sin(q.anim_time*90*4-90)*2)", 0, 0]
				},
				"anchor_weed_right": {
					"rotation": ["15+(math.sin(q.anim_time*90*4-45)*2)", 0, 0]
				},
				"anchor_weed_right2": {
					"rotation": ["15+(math.sin(q.anim_time*90*4-90)*2)", 0, 0]
				},
				"chain": {
					"rotation": [0, 0, "(math.sin(q.anim_time*90*2-45)*4)"],
					"position": [0, 6, 0]
				},
				"chain2": {
					"position": [0, 9, 0]
				},
				"chain3": {
					"position": [0, 9, 0]
				},
				"chain4": {
					"position": [0, 9, 0]
				},
				"chain5": {
					"position": [0, 9, 0]
				},
				"chain6": {
					"position": [0, 9, 0]
				},
				"chain7": {
					"position": [0, 9, 0]
				},
				"chain8": {
					"position": [0, 9, 0]
				},
				"glass_eye_left": {
					"scale": [1, 1, 1]
				},
				"eye_right": {
					"scale": [1, 1, 1]
				},
				"nose_weed_top3": {
					"rotation": [0, "(math.sin(q.anim_time*90*4-135)*4)", 0]
				},
				"anchor_weed_center": {
					"rotation": ["10+(math.sin(q.anim_time*90*4-45)*2)", 0, 0]
				},
				"anchor_weed_bottom_left": {
					"rotation": ["12.5+(math.sin(q.anim_time*90*4-45)*2)", 0, 0]
				},
				"anchor_weed_bottom_left2": {
					"rotation": ["10+(math.sin(q.anim_time*90*4-90)*6)", 0, 0]
				},
				"anchor_weed_bottom_right": {
					"rotation": ["22.5+(math.sin(q.anim_time*90*4-45)*2)", 0, 0]
				},
				"anchor_weed_left": {
					"rotation": ["(math.sin(q.anim_time*90*4-45)*2)", 0, 0]
				}
			}
		},
		"animation.dhelmise.water_swim": {
			"loop": true,
			"animation_length": 2,
			"bones": {
				"body": {
					"rotation": ["25+(math.sin(q.anim_time*90*2-135)*8)", 0, 0],
					"position": [0, "(math.sin(q.anim_time*90*2-90)*2)", -5]
				},
				"wheel": {
					"rotation": [0, 0, "(math.sin(q.anim_time*90*2+15)*10)"]
				},
				"pupil_left": {
					"rotation": [0, 0, "(math.sin(q.anim_time*90*2-40)*24)"],
					"scale": [1, 1, 1]
				},
				"anchor": {
					"rotation": [0, 0, "(math.sin(q.anim_time*90*2-45)*4)"],
					"position": [0, 80, 0]
				},
				"nose_weed_top": {
					"rotation": [0, "-2.5+(math.sin(q.anim_time*90*4-45)*1)", "0+(math.sin(q.anim_time*90*2-135)*3)"]
				},
				"nose_weed_top2": {
					"rotation": [0, "-10+(math.sin(q.anim_time*90*4-90)*4)", 0]
				},
				"nose_weed_left": {
					"rotation": [0, "2.5+(math.sin(q.anim_time*90*4-45)*2)", "(math.sin(q.anim_time*90*2-135)*3)"]
				},
				"nose_weed_left2": {
					"rotation": [0, "-2.5+(math.sin(q.anim_time*90*4-90)*4)", 0]
				},
				"nose_weed_left3": {
					"rotation": [-1.11217, "-22.1763+(math.sin(q.anim_time*90*4-135)*4)", 1.81935]
				},
				"nose_weed_right": {
					"rotation": [0, "-5+(math.sin(q.anim_time*90*4-45)*1)", "(math.sin(q.anim_time*90*2-135)*3)"]
				},
				"nose_weed_right2": {
					"rotation": [0, "12.5+(math.sin(q.anim_time*90*4-90)*2)", 0]
				},
				"nose_weed_right3": {
					"rotation": [0, "30+(math.sin(q.anim_time*90*4-135)*2)", 0]
				},
				"nose_weed_lower_left": {
					"rotation": [0, "7.5+(math.sin(q.anim_time*90*4-45)*1)", "(math.sin(q.anim_time*90*2-135)*3)"]
				},
				"nose_weed_lower_left2": {
					"rotation": [0, "-25+(math.sin(q.anim_time*90*4-90)*2)", 0]
				},
				"nose_weed_lower_right": {
					"rotation": [0, "-10+(math.sin(q.anim_time*90*4-45)*1)", "(math.sin(q.anim_time*90*2-135)*3)"]
				},
				"nose_weed_lower_right2": {
					"rotation": [0, "12.5+(math.sin(q.anim_time*90*4-90)*2)", 0]
				},
				"anchor_weed_center2": {
					"rotation": ["25+(math.sin(q.anim_time*90*4-90)*8)", 0, 0]
				},
				"anchor_weed_center3": {
					"rotation": ["-12.5+(math.sin(q.anim_time*90*4-135)*8)", 0, 7.5]
				},
				"anchor_weed_bottom_left3": {
					"rotation": ["10+(math.sin(q.anim_time*90*4-135)*3)", 0, 0]
				},
				"anchor_weed_bottom_right2": {
					"rotation": ["(math.sin(q.anim_time*90*4-90)*8)", 0, 0]
				},
				"anchor_weed_bottom_right3": {
					"rotation": ["20+(math.sin(q.anim_time*90*4-135)*6)", 0, 0]
				},
				"anchor_weed_left2": {
					"rotation": ["2.5+(math.sin(q.anim_time*90*4-90)*2)", 0, 0]
				},
				"anchor_weed_right": {
					"rotation": ["15+(math.sin(q.anim_time*90*4-45)*2)", 0, 0]
				},
				"anchor_weed_right2": {
					"rotation": ["15+(math.sin(q.anim_time*90*4-90)*2)", 0, 0]
				},
				"chain": {
					"rotation": [0, 0, "(math.sin(q.anim_time*90*2-45)*4)"],
					"position": [0, 6, 0]
				},
				"chain2": {
					"position": [0, 9, 0]
				},
				"chain3": {
					"position": [0, 9, 0]
				},
				"chain4": {
					"position": [0, 9, 0]
				},
				"chain5": {
					"position": [0, 9, 0]
				},
				"chain6": {
					"position": [0, 9, 0]
				},
				"chain7": {
					"position": [0, 9, 0]
				},
				"chain8": {
					"position": [0, 9, 0]
				},
				"glass_eye_left": {
					"scale": [1, 1, 1]
				},
				"eye_right": {
					"scale": [1, 1, 1]
				},
				"nose_weed_top3": {
					"rotation": [0, "(math.sin(q.anim_time*90*4-135)*4)", 0]
				},
				"anchor_weed_center": {
					"rotation": ["10+(math.sin(q.anim_time*90*4-45)*2)", 0, 0]
				},
				"anchor_weed_bottom_left": {
					"rotation": ["12.5+(math.sin(q.anim_time*90*4-45)*2)", 0, 0]
				},
				"anchor_weed_bottom_left2": {
					"rotation": ["10+(math.sin(q.anim_time*90*4-90)*6)", 0, 0]
				},
				"anchor_weed_bottom_right": {
					"rotation": ["22.5+(math.sin(q.anim_time*90*4-45)*2)", 0, 0]
				},
				"anchor_weed_left": {
					"rotation": ["(math.sin(q.anim_time*90*4-45)*2)", 0, 0]
				}
			}
		},
		"animation.dhelmise.sleep": {
			"loop": true,
			"animation_length": 4,
			"bones": {
				"body": {
					"rotation": [-3.43748, 13.29737, 20.26558],
					"position": [10, -23, 8]
				},
				"wheel": {
					"rotation": [0, 0, "-5+(math.sin(q.anim_time*90*1+15)*3)"]
				},
				"pupil_left": {
					"rotation": [0, 0, "70+(math.sin(q.anim_time*90*1-40)*12)"],
					"scale": [1, 1, 1]
				},
				"anchor": {
					"rotation": [0, 0, 0],
					"position": [0, 80, 0]
				},
				"nose_weed_top": {
					"rotation": [-1.55185, "19.7355+(math.sin(q.anim_time*90*2-45)*1)", "-20.4544+(math.sin(q.anim_time*90*1-135)*3)"],
					"position": [0, -1, 0]
				},
				"nose_weed_top2": {
					"rotation": [0, "-10+(math.sin(q.anim_time*90*2-90)*4)", 0]
				},
				"nose_weed_left": {
					"rotation": [-4.86211, "-4.7987+(math.sin(q.anim_time*90*2-45)*2)", "-51.8161+(math.sin(q.anim_time*90*1-135)*3)"],
					"position": [2, -1, 0]
				},
				"nose_weed_left2": {
					"rotation": [0, "15+(math.sin(q.anim_time*90*2-90)*4)", 0]
				},
				"nose_weed_left3": {
					"rotation": [-1.01663, "-4.6792+(math.sin(q.anim_time*90*2-135)*4)", 1.48205]
				},
				"nose_weed_right": {
					"rotation": [-2.56592, "-19.4498+(math.sin(q.anim_time*90*2-45)*1)", "25.7758+(math.sin(q.anim_time*90*1-135)*3)"],
					"position": [-1, -3, 0]
				},
				"nose_weed_right2": {
					"rotation": [0, "12.5+(math.sin(q.anim_time*90*2-90)*2)", 0]
				},
				"nose_weed_right3": {
					"rotation": [0, "20+(math.sin(q.anim_time*90*2-135)*4)", 0]
				},
				"nose_weed_lower_left": {
					"rotation": [-6.0314, "3.8379+(math.sin(q.anim_time*90*2-45)*1)", "-62.665+(math.sin(q.anim_time*90*1-135)*3)"]
				},
				"nose_weed_lower_left2": {
					"rotation": [0, "-25+(math.sin(q.anim_time*90*2-90)*2)", 0]
				},
				"nose_weed_lower_right": {
					"rotation": [-0.18543, "-3.8999+(math.sin(q.anim_time*90*2-45)*1)", "45.9483+(math.sin(q.anim_time*90*1-135)*3)"]
				},
				"nose_weed_lower_right2": {
					"rotation": [0, "-17.5+(math.sin(q.anim_time*90*2-90)*2)", 0]
				},
				"anchor_weed_center2": {
					"rotation": ["-32.5+(math.sin(q.anim_time*90*2-90)*2)", 0, 0]
				},
				"anchor_weed_center3": {
					"rotation": ["-12.5+(math.sin(q.anim_time*90*2-135)*3)", 0, 7.5]
				},
				"anchor_weed_bottom_left3": {
					"rotation": ["10+(math.sin(q.anim_time*90*2-135)*3)", 0, 0]
				},
				"anchor_weed_bottom_right2": {
					"rotation": ["-12.5+(math.sin(q.anim_time*90*2-90)*2)", 0, 0]
				},
				"anchor_weed_bottom_right3": {
					"rotation": ["5+(math.sin(q.anim_time*90*2-135)*3)", 0, 0]
				},
				"anchor_weed_left2": {
					"rotation": ["2.5+(math.sin(q.anim_time*90*2-90)*2)", 0, 0]
				},
				"anchor_weed_right": {
					"rotation": ["13.2349+(math.sin(q.anim_time*90*2-45)*2)", 6.74499, -29.30095],
					"position": [0, 1, 0]
				},
				"anchor_weed_right2": {
					"rotation": ["15+(math.sin(q.anim_time*90*2-90)*2)", 0, 0]
				},
				"chain": {
					"rotation": [0, 0, 0],
					"position": [0, 6, 0]
				},
				"chain2": {
					"position": [0, 9, 0]
				},
				"chain3": {
					"position": [0, 9, 0]
				},
				"chain4": {
					"position": [0, 9, 0]
				},
				"chain5": {
					"position": [0, 9, 0]
				},
				"chain6": {
					"position": [0, 9, 0]
				},
				"chain7": {
					"position": [0, 9, 0]
				},
				"chain8": {
					"position": [0, 9, 0]
				},
				"glass_eye_left": {
					"scale": [1, 1, 1]
				},
				"eye_right": {
					"scale": [1, 1, 1]
				},
				"nose_weed_top3": {
					"rotation": [0, "(math.sin(q.anim_time*90*2-135)*8)", 0]
				},
				"anchor_weed_center": {
					"rotation": ["(math.sin(q.anim_time*90*2-45)*2)", 0, 0]
				},
				"anchor_weed_bottom_left": {
					"rotation": ["(math.sin(q.anim_time*90*2-45)*2)", 0, 0]
				},
				"anchor_weed_bottom_left2": {
					"rotation": ["(math.sin(q.anim_time*90*2-90)*2)", 0, 0]
				},
				"anchor_weed_bottom_right": {
					"rotation": ["(math.sin(q.anim_time*90*2-45)*2)", 0, 0]
				},
				"anchor_weed_left": {
					"rotation": ["0.0214+(math.sin(q.anim_time*90*2-45)*2)", 0.24556, 9.99702]
				}
			}
		},
		"animation.dhelmise.faint": {
			"animation_length": 3,
			"bones": {
				"body": {
					"rotation": {
						"0.0": ["22.5+0", 0, 0],
						"0.0833": ["-19.4142+0", 16.98948, 9.57701],
						"0.4167": [
							"-23.6943+math.random(-(math.sin(q.anim_time*90*4)*5),(math.sin(q.anim_time*90*4)*5))",
							18.00864,
							"11.9707+math.random(-(math.sin(q.anim_time*90*4)*5),(math.sin(q.anim_time*90*4)*5))"
						],
						"0.4583": [0, 0, 0]
					},
					"position": {
						"0.0": [0, 0, -3],
						"0.0833": [0, 0, 21],
						"0.4167": [0, 0, 22],
						"0.4583": [0, 0, 17]
					}
				},
				"wheel": {
					"rotation": {
						"0.0": [0, 0, 0],
						"0.4167": [0, 0, 0],
						"0.4583": [27.70212, 6.64851, 3.47875],
						"0.5417": [42.09501, -10.35555, 21.88306],
						"0.625": [48.30855, -31.54313, 33.06263],
						"0.7083": [35.913, -51.62457, 44.12759],
						"0.7917": [-46.18328, -51.73022, 110],
						"0.875": [-58.67507, 36.14062, 170],
						"0.9583": [55.95046, 44.65547, 290],
						"1.0417": [52.86538, -54.04767, 350],
						"1.0833": [-12.85814, -68.68163, 413.09544],
						"1.1667": [-32.60638, 4.27436, 460.56612],
						"1.25": [-6.82073, -0.44896, 522.55887],
						"1.375": [-7.44657, -5.63591, 563.2837],
						"1.5": [-8.48293, -3.89702, 575.70577],
						"1.625": [-4, -3.89702, 575.70577],
						"1.75": [-5.5, -3.89702, 575.70577],
						"1.8333": [-4, -3.89702, 575.70577],
						"1.9167": [7.47742, -11.24656, 575.16574],
						"1.9583": [33.41628, -22.16647, 567.6073],
						"2.0": [60.24644, -33.2416, 556.24656],
						"2.0417": [90, -35.57045, 539.22377],
						"2.125": [77.33721, -34.25444, 548.23144],
						"2.2083": [75.33645, -33.78675, 549.62931],
						"2.2917": [90, -35.57045, 539.22377]
					},
					"position": {
						"0.0": [0, 0, 0],
						"0.4167": [0, 0, 0],
						"0.4583": [0, 6, 0],
						"0.5417": [0, 8, 2],
						"0.625": [0, 11, 2],
						"0.7083": [-1, 11, 2],
						"0.7917": [-7, 9, 2],
						"0.875": [-17, 7, 2],
						"0.9583": [-31, -6, 2],
						"1.0417": [-39, -22, 2],
						"1.0833": [-39, -28, 2],
						"1.1667": [-16, -23, 13],
						"1.25": [2, -31.5, 13],
						"1.375": [7, -23, 13],
						"1.5": [12, -23, 13],
						"1.625": [12, -23, 15],
						"1.75": [12, -23, 14.5],
						"1.8333": [12, -23, 15],
						"1.9167": [12.4, -23.5, 21.2],
						"1.9583": [11.93, -28.67, 31.47],
						"2.0": [12.47, -38.34, 38.7],
						"2.0417": [11.47, -48, 41],
						"2.125": [11.47, -44, 40.5],
						"2.2083": [11.47, -43.5, 40.5],
						"2.2917": [11.47, -48, 41]
					}
				},
				"pupil_left": {
					"rotation": {
						"0.0": [0, 0, 50],
						"0.0833": [0, 0, 42.5],
						"0.4167": [0, 0, 32.5],
						"0.4583": [0, 0, 112.5],
						"1.5": [0, 0, -647.5],
						"1.625": [0, 0, -702.5],
						"1.75": [0, 0, -710],
						"2.0": [0, 0, -740]
					}
				},
				"anchor": {
					"rotation": {
						"0.0": [0, 0, 0],
						"0.4167": [0, 0, 0],
						"0.4583": [-55.195, 12.26984, -6.60597],
						"0.625": [-73.27647, 19.21873, -7.94133],
						"0.7083": [-82.55204, 23.19686, 7.43915],
						"0.7917": [-102.84901, 29.58675, 17.10487],
						"0.8333": [-104.38316, 29.62095, 14.08624],
						"0.875": [-90, 27.39277, 0]
					},
					"position": {
						"0.0": [0, 80, 0],
						"0.4167": [0, 80, 0],
						"0.4583": [0, 78, -17],
						"0.5417": [0, 79, -23],
						"0.625": [0, 74, -27],
						"0.7083": [0, 63, -34],
						"0.7917": [0, 46, -37],
						"0.8333": [0, 35, -38],
						"0.875": [0, "32-math.random(0,(math.sin(q.anim_time*90*4)*10))", -38],
						"0.9583": [0, 32, -38]
					}
				},
				"nose_weed_top": {
					"rotation": {
						"0.0": [0, "5+(math.sin(q.anim_time*90*2-45)*1)", "(math.sin(q.anim_time*90*1-135)*3)"],
						"0.4167": [0, "5+(math.sin(q.anim_time*90*2-45)*1)", "(math.sin(q.anim_time*90*1-135)*3)"],
						"0.4583": [0, "40+(math.sin(q.anim_time*90*2-45)*1)", "(math.sin(q.anim_time*90*1-135)*3)"],
						"0.5": [0, "20+(math.sin(q.anim_time*90*2-45)*1)", "(math.sin(q.anim_time*90*1-135)*3)"],
						"0.5417": [0, "15+(math.sin(q.anim_time*90*2-45)*1)", "(math.sin(q.anim_time*90*1-135)*3)"],
						"0.5833": [0, "27.5+(math.sin(q.anim_time*90*2-45)*1)", "(math.sin(q.anim_time*90*1-135)*3)"],
						"0.625": [0, "37.5+(math.sin(q.anim_time*90*2-45)*1)", "(math.sin(q.anim_time*90*1-135)*3)"],
						"0.6667": [0, "57.5+(math.sin(q.anim_time*90*2-45)*1)", "(math.sin(q.anim_time*90*1-135)*3)"],
						"0.7083": [0, "70+(math.sin(q.anim_time*90*2-45)*1)", "0+(math.sin(q.anim_time*90*1-135)*3)"],
						"0.75": [0, "82.5+(math.sin(q.anim_time*90*2-45)*1)", "(math.sin(q.anim_time*90*1-135)*3)"],
						"0.7917": [-180, "88.0171+(math.sin(q.anim_time*90*2-45)*1)", "-180+(math.sin(q.anim_time*90*1-135)*3)"],
						"0.8333": [-180, "80.5171+(math.sin(q.anim_time*90*2-45)*1)", "-180+(math.sin(q.anim_time*90*1-135)*3)"],
						"0.875": [0, "5+(math.sin(q.anim_time*90*2-45)*1)", "(math.sin(q.anim_time*90*1-135)*3)"],
						"1.2917": [0, "35+(math.sin(q.anim_time*90*2-45)*1)", "(math.sin(q.anim_time*90*1-135)*3)"],
						"1.5833": [0, "42.5+(math.sin(q.anim_time*90*2-45)*1)", "(math.sin(q.anim_time*90*1-135)*3)"]
					}
				},
				"nose_weed_top2": {
					"rotation": [0, "-10+(math.sin(q.anim_time*90*2-90)*4)", 0]
				},
				"nose_weed_left": {
					"rotation": {
						"0.0": [0, "2.5+(math.sin(q.anim_time*90*2-45)*2)", "(math.sin(q.anim_time*90*1-135)*3)"],
						"0.4167": [0, "5+(math.sin(q.anim_time*90*2-45)*1)", "(math.sin(q.anim_time*90*1-135)*3)"],
						"0.4583": [0, "40+(math.sin(q.anim_time*90*2-45)*1)", "(math.sin(q.anim_time*90*1-135)*3)"],
						"0.5": [0, "20+(math.sin(q.anim_time*90*2-45)*1)", "(math.sin(q.anim_time*90*1-135)*3)"],
						"0.5417": [0, "15+(math.sin(q.anim_time*90*2-45)*1)", "(math.sin(q.anim_time*90*1-135)*3)"],
						"0.5833": [0, "27.5+(math.sin(q.anim_time*90*2-45)*1)", "(math.sin(q.anim_time*90*1-135)*3)"],
						"0.625": [0, "37.5+(math.sin(q.anim_time*90*2-45)*1)", "(math.sin(q.anim_time*90*1-135)*3)"],
						"0.6667": [0, "57.5+(math.sin(q.anim_time*90*2-45)*1)", "(math.sin(q.anim_time*90*1-135)*3)"],
						"0.7083": [0, "70+(math.sin(q.anim_time*90*2-45)*1)", "0+(math.sin(q.anim_time*90*1-135)*3)"],
						"0.75": [0, "82.5+(math.sin(q.anim_time*90*2-45)*1)", "(math.sin(q.anim_time*90*1-135)*3)"],
						"0.7917": [-180, "88.0171+(math.sin(q.anim_time*90*2-45)*1)", "-180+(math.sin(q.anim_time*90*1-135)*3)"],
						"0.8333": [-180, "80.5171+(math.sin(q.anim_time*90*2-45)*1)", "-180+(math.sin(q.anim_time*90*1-135)*3)"],
						"0.875": [0, "2.5+(math.sin(q.anim_time*90*2-45)*2)", "(math.sin(q.anim_time*90*1-135)*3)"],
						"1.2917": [0, "22.5+(math.sin(q.anim_time*90*2-45)*2)", "(math.sin(q.anim_time*90*1-135)*3)"],
						"1.5833": [0, "27.5+(math.sin(q.anim_time*90*2-45)*2)", "(math.sin(q.anim_time*90*1-135)*3)"]
					}
				},
				"nose_weed_left2": {
					"rotation": [0, "15+(math.sin(q.anim_time*90*2-90)*4)", 0]
				},
				"nose_weed_left3": {
					"rotation": [-1.01663, "-4.6792+(math.sin(q.anim_time*90*2-135)*4)", 1.48205]
				},
				"nose_weed_right": {
					"rotation": {
						"0.0": [0, "-5+(math.sin(q.anim_time*90*2-45)*1)", "(math.sin(q.anim_time*90*1-135)*3)"],
						"0.4167": [0, "5+(math.sin(q.anim_time*90*2-45)*1)", "(math.sin(q.anim_time*90*1-135)*3)"],
						"0.4583": [0, "-30+(math.sin(q.anim_time*90*2-45)*1)", "0+(math.sin(q.anim_time*90*1-135)*3)"],
						"0.5417": [0, "-47.5+(math.sin(q.anim_time*90*2-45)*1)", "(math.sin(q.anim_time*90*1-135)*3)"],
						"0.6667": [0, "-65+(math.sin(q.anim_time*90*2-45)*1)", "(math.sin(q.anim_time*90*1-135)*3)"],
						"0.75": [49.28315, "-77.9036+(math.sin(q.anim_time*90*2-45)*1)", "-50.0281+(math.sin(q.anim_time*90*1-135)*3)"],
						"0.7917": [68.67504, "-67.0256+(math.sin(q.anim_time*90*2-45)*1)", "-70.3681+(math.sin(q.anim_time*90*1-135)*3)"],
						"0.875": [0, "-5+(math.sin(q.anim_time*90*2-45)*1)", "(math.sin(q.anim_time*90*1-135)*3)"],
						"1.2917": [0, "-35+(math.sin(q.anim_time*90*2-45)*1)", "(math.sin(q.anim_time*90*1-135)*3)"],
						"1.5833": [0, "-42.5+(math.sin(q.anim_time*90*2-45)*1)", "(math.sin(q.anim_time*90*1-135)*3)"]
					}
				},
				"nose_weed_right2": {
					"rotation": [0, "12.5+(math.sin(q.anim_time*90*2-90)*2)", 0]
				},
				"nose_weed_right3": {
					"rotation": [0, "30+(math.sin(q.anim_time*90*2-135)*2)", 0]
				},
				"nose_weed_lower_left": {
					"rotation": {
						"0.0": [0, "7.5+(math.sin(q.anim_time*90*2-45)*1)", "(math.sin(q.anim_time*90*1-135)*3)"],
						"0.4167": [0, "5+(math.sin(q.anim_time*90*2-45)*1)", "(math.sin(q.anim_time*90*1-135)*3)"],
						"0.4583": [0, "40+(math.sin(q.anim_time*90*2-45)*1)", "(math.sin(q.anim_time*90*1-135)*3)"],
						"0.5": [0, "20+(math.sin(q.anim_time*90*2-45)*1)", "(math.sin(q.anim_time*90*1-135)*3)"],
						"0.5417": [0, "15+(math.sin(q.anim_time*90*2-45)*1)", "(math.sin(q.anim_time*90*1-135)*3)"],
						"0.5833": [0, "27.5+(math.sin(q.anim_time*90*2-45)*1)", "(math.sin(q.anim_time*90*1-135)*3)"],
						"0.625": [0, "37.5+(math.sin(q.anim_time*90*2-45)*1)", "(math.sin(q.anim_time*90*1-135)*3)"],
						"0.6667": [0, "57.5+(math.sin(q.anim_time*90*2-45)*1)", "(math.sin(q.anim_time*90*1-135)*3)"],
						"0.7083": [0, "70+(math.sin(q.anim_time*90*2-45)*1)", "0+(math.sin(q.anim_time*90*1-135)*3)"],
						"0.75": [0, "82.5+(math.sin(q.anim_time*90*2-45)*1)", "(math.sin(q.anim_time*90*1-135)*3)"],
						"0.7917": [-180, "88.0171+(math.sin(q.anim_time*90*2-45)*1)", "-180+(math.sin(q.anim_time*90*1-135)*3)"],
						"0.8333": [-180, "88.0171+(math.sin(q.anim_time*90*2-45)*1)", "-180+(math.sin(q.anim_time*90*1-135)*3)"],
						"0.875": [0, "7.5+(math.sin(q.anim_time*90*2-45)*1)", "(math.sin(q.anim_time*90*1-135)*3)"],
						"1.2917": [0, "37.5+(math.sin(q.anim_time*90*2-45)*1)", "(math.sin(q.anim_time*90*1-135)*3)"],
						"1.5833": [0, "42.5+(math.sin(q.anim_time*90*2-45)*1)", "(math.sin(q.anim_time*90*1-135)*3)"]
					}
				},
				"nose_weed_lower_left2": {
					"rotation": [0, "-25+(math.sin(q.anim_time*90*2-90)*2)", 0]
				},
				"nose_weed_lower_right": {
					"rotation": {
						"0.0": [0, "-10+(math.sin(q.anim_time*90*2-45)*1)", "(math.sin(q.anim_time*90*1-135)*3)"],
						"0.4167": [0, "5+(math.sin(q.anim_time*90*2-45)*1)", "(math.sin(q.anim_time*90*1-135)*3)"],
						"0.4583": [0, "-30+(math.sin(q.anim_time*90*2-45)*1)", "0+(math.sin(q.anim_time*90*1-135)*3)"],
						"0.5417": [0, "-47.5+(math.sin(q.anim_time*90*2-45)*1)", "(math.sin(q.anim_time*90*1-135)*3)"],
						"0.6667": [0, "-65+(math.sin(q.anim_time*90*2-45)*1)", "(math.sin(q.anim_time*90*1-135)*3)"],
						"0.75": [49.28315, "-77.9036+(math.sin(q.anim_time*90*2-45)*1)", "-50.0281+(math.sin(q.anim_time*90*1-135)*3)"],
						"0.7917": [68.67504, "-67.0256+(math.sin(q.anim_time*90*2-45)*1)", "-70.3681+(math.sin(q.anim_time*90*1-135)*3)"],
						"0.875": [0, "-10+(math.sin(q.anim_time*90*2-45)*1)", "(math.sin(q.anim_time*90*1-135)*3)"],
						"1.2917": [0, "-30+(math.sin(q.anim_time*90*2-45)*1)", "(math.sin(q.anim_time*90*1-135)*3)"],
						"1.5833": [0, "-35+(math.sin(q.anim_time*90*2-45)*1)", "(math.sin(q.anim_time*90*1-135)*3)"]
					}
				},
				"nose_weed_lower_right2": {
					"rotation": [0, "-17.5+(math.sin(q.anim_time*90*2-90)*2)", 0]
				},
				"anchor_weed_center2": {
					"rotation": ["-32.5+(math.sin(q.anim_time*90*2-90)*2)", 0, 0]
				},
				"anchor_weed_center3": {
					"rotation": ["-12.5+(math.sin(q.anim_time*90*2-135)*3)", 0, 7.5]
				},
				"anchor_weed_bottom_left3": {
					"rotation": ["10+(math.sin(q.anim_time*90*2-135)*3)", 0, 0]
				},
				"anchor_weed_bottom_right2": {
					"rotation": ["-12.5+(math.sin(q.anim_time*90*2-90)*2)", 0, 0]
				},
				"anchor_weed_bottom_right3": {
					"rotation": ["5+(math.sin(q.anim_time*90*2-135)*3)", 0, 0]
				},
				"anchor_weed_left2": {
					"rotation": ["2.5+(math.sin(q.anim_time*90*2-90)*2)", 0, 0]
				},
				"anchor_weed_right": {
					"rotation": ["15+(math.sin(q.anim_time*90*2-45)*2)", 0, 0]
				},
				"anchor_weed_right2": {
					"rotation": ["15+(math.sin(q.anim_time*90*2-90)*2)", 0, 0]
				},
				"chain": {
					"rotation": {
						"0.0": [0, 0, 0],
						"0.4167": [0, 0, 0],
						"0.4583": [-15, 0, 0],
						"0.5417": [-22.5, 0, 0],
						"0.625": [-4.95744, -0.65182, -7.47178],
						"0.7083": [17.54256, -0.65182, -7.47178],
						"0.7917": [37.62181, -14.87411, 10.17372],
						"0.8333": [-0.33827, -34.2507, 45.85911],
						"0.875": [-64.33964, -22.12536, 98.59669],
						"0.9167": [-94.03295, -4.67127, 97.28853],
						"0.9583": [-150.41263, -18.94491, 24.68865],
						"1.0": [-177.68391, 15.05705, 77.39974],
						"1.0417": [-218.96429, 33.34335, 86.34325],
						"1.0833": [-190.04434, 48.7261, 128.88074],
						"1.125": [-133.4881, 33.28473, 198.02728],
						"1.1667": [-109.25287, 15.95772, 213.92493],
						"1.2083": [-97.55155, -9.18916, 230.37356],
						"1.25": [-87.89713, -2.26182, 241.88761],
						"1.375": [-97.87948, 7.73142, 242.25604],
						"1.5": [-100.43189, 2.64725, 242.30584],
						"1.625": [-97.93189, 2.64725, 242.30584],
						"1.75": [-100.43189, 2.64725, 242.30584],
						"1.8333": [-97.93189, 2.64725, 242.30584],
						"1.9167": [-77.21225, -19.33893, 237.44168],
						"1.9583": [-49.11085, -21.23759, 235.70761],
						"2.0": [-49.71225, -19.33893, 237.44168],
						"2.0417": [-48.43913, -23.11807, 233.92851],
						"2.125": [-52.30667, -3.72742, 250.24636],
						"2.25": [-52.00016, -7.67666, 247.16397],
						"2.375": [-51.70182, 10.10441, 261.01005]
					},
					"position": {
						"0.0": [0, 6, 0],
						"0.4167": [0, 6, 0],
						"0.4583": [0, 1, 0],
						"0.5417": [-2, 1, 4],
						"0.625": [-5, 5, 6],
						"0.7083": [-6, 7, 5],
						"0.7917": [-6.5, 6.5, 2.75],
						"0.8333": [-11, 8.5, -0.25],
						"0.875": [-11.5, 8.5, 0.75],
						"0.9167": [-17.5, 3.5, 1.75],
						"0.9583": [-23.5, -5.5, 7.75],
						"1.0": [-28.5, -17.5, 6.75],
						"1.0417": [-34.5, -28.5, 5.75],
						"1.0833": [-36.5, -32.5, 4.75],
						"1.125": [-28.5, -27.5, 4.75],
						"1.1667": [-16.5, -18.5, 8.75],
						"1.2083": [-8.5, -21.5, 9.75],
						"1.25": [1.5, -23.5, 9.75],
						"1.375": [7.5, -15.5, 9.75],
						"1.5": [13.5, -15.5, 9.75],
						"1.625": [13.5, -15.5, 11.75],
						"1.75": [13.5, -15.5, 11.25],
						"1.8333": [13.5, -15.5, 11.75],
						"1.9167": [14.5, -14.5, 20.75],
						"1.9583": [14.5, -17.5, 33.75],
						"2.0": [14.5, -26.5, 44.75],
						"2.0417": [14.5, -36.5, 49.75],
						"2.125": [14.5, -31.5, 48.75],
						"2.2083": [14.5, -31.25, 48.5],
						"2.2917": [14.5, -36.5, 49.75]
					}
				},
				"chain2": {
					"rotation": {
						"0.0": [0, 0, 0],
						"0.4167": [0, 0, 0],
						"0.4583": [-125, 0, 0],
						"0.5": [-87.5, 0, 0],
						"0.5417": [-37.5, 0, 0],
						"0.5833": [-10, 0, 0],
						"0.7083": [-20, 0, 0],
						"0.7917": [-60.02126, -13.35981, -40.73074],
						"0.8333": [-58.54663, -18.90124, -47.23193],
						"0.875": [-29.26848, -4.8347, -38.98105],
						"0.9167": [-19.99033, 9.23185, -30.73018],
						"0.9583": [50.02392, -14.62635, -56.22004],
						"1.0": [43.90588, -38.71754, -46.33895],
						"1.0417": [61.55809, -21.49742, -53.03465],
						"1.0833": [65.93088, -35.37175, -46.52051],
						"1.125": [88.37915, -37.87078, -46.43381],
						"1.1667": [23.69222, -80.00006, 12.35432],
						"1.2083": [-54.01804, -63.06, 118.20742],
						"1.25": [-82.76788, -67.67004, 145.28046],
						"1.375": [-94.75191, -57.75411, 141.96371],
						"1.5": [-91.84132, -55.17967, 144.23165],
						"1.7917": [-102.37973, -69.7782, 156.53679],
						"1.9167": [-91.43011, -42.68786, 147.37512],
						"2.0": [-91.28626, -35.18996, 148.40124],
						"2.0417": [-64.46644, -57.68151, 144.3855],
						"2.125": [-101.96644, -57.68151, 144.3855],
						"2.25": [-116.96644, -57.68151, 144.3855],
						"2.4167": [-133.13132, -49.99574, 133.47823]
					},
					"position": {
						"0.0": [0, 9, 0],
						"0.4167": [0, 9, 0],
						"0.4583": [0, -3, 0]
					}
				},
				"chain3": {
					"rotation": {
						"0.0": [0, 0, 0],
						"0.4583": [25, 0, 0],
						"0.5417": [-37.5, 0, 0],
						"0.5833": [-52.5, 0, 0],
						"0.6667": [-62.5, 0, 0],
						"0.75": [-32.5, 0, 0],
						"0.8333": [15, 0, 0],
						"0.875": [-26.69458, -6.86379, -13.36965],
						"0.9167": [-23.70348, -14.36495, -29.47028],
						"0.9583": [5.56417, -25.12959, -51.40533],
						"1.0": [-29.77988, -18.25605, -37.03877],
						"1.0417": [-24.77988, -18.25605, -37.03877],
						"1.0833": [-28.36653, -11.51184, -23.1633],
						"1.125": [2.24352, 3.43655, 2.98881],
						"1.1667": [-1.13812, 3.25295, -12.03582],
						"1.2083": [-10.18691, 0.40355, -46.79807],
						"1.25": [-46.68785, 12.66753, -38.08731],
						"1.375": [-22.65967, 25.19318, -18.26319],
						"1.5": [-27.65967, 25.19318, -18.26319],
						"1.7917": [-34.25501, 26.87291, -16.20235],
						"1.9167": [16.23568, 49.36523, 6.56765],
						"2.0": [-2.65893, 53.64299, 7.38551],
						"2.0417": [-68.78864, 44.55919, -32.95636],
						"2.125": [-15.40356, 71.5618, 4.96956],
						"2.2917": [-85.69194, 62.68259, -66.37709],
						"2.5": [88.59454, 64.52102, 98.61663]
					},
					"position": {
						"0.0": [0, 9, 0],
						"0.4583": [0, -2, 0],
						"0.5417": [0, -3, 0]
					}
				},
				"chain4": {
					"rotation": {
						"0.0": [0, 0, 0],
						"0.4583": [0, 0, 0],
						"0.5": [-35, 0, 0],
						"0.5417": [-95, 0, 0],
						"0.5833": [-82.43603, -7.43547, -0.98448],
						"0.625": [-59.78638, -6.49053, -3.76613],
						"0.6667": [-49.78638, -6.49053, -3.76613],
						"0.7083": [-57.28638, -6.49053, -3.76613],
						"0.75": [-40.33001, -2.15859, 2.56157],
						"0.7917": [-18.71941, -6.85357, 5.52728],
						"0.8333": [-7.9859, -4.67276, 22.98085],
						"0.875": [14.40144, -7.36865, 0.51529],
						"0.9167": [19.94043, -5.68459, -4.22348],
						"1.0": [-2.55957, -5.68459, -4.22348],
						"1.0417": [0.88116, -6.12186, 10.85058],
						"1.0833": [31.12667, -4.16511, 11.97357],
						"1.125": [-23.87333, -4.16511, 11.97357],
						"1.1667": [-6.37333, -4.16511, 11.97357],
						"1.2083": [0.54972, -3.79583, 20.78543],
						"1.25": [9.09185, -3.00842, 4.54861],
						"1.375": [-3.25151, 3.48534, -30.01085],
						"1.5": [-0.47851, 4.40774, -25.01337],
						"1.7917": [-0.09177, 4.43264, -19.99851],
						"1.9167": [-7.59177, 4.43264, -19.99851],
						"2.0": [-5.91457, 6.50665, -2.54076],
						"2.0833": [-1.85493, 8.58796, 27.65645],
						"2.125": [-0.72563, 8.84596, 13.32135],
						"2.2083": [9.67596, 8.7786, 37.77086],
						"2.2917": [-24.08755, 12.58952, 4.90293],
						"2.3333": [-21.78625, 15.86493, 13.31795],
						"2.375": [-30.00064, 12.38277, -0.84185],
						"2.5": [-11.63225, -3.26473, -31.83456],
						"2.5833": [-9.369, 2.80535, -15.57091]
					},
					"position": {
						"0.0": [0, 9, 0],
						"0.4583": [0, 9, 0],
						"0.5": [0, 9, 0],
						"0.5417": [0, -4, 0]
					}
				},
				"chain5": {
					"rotation": {
						"0.0": [0, 0, 0],
						"0.5417": [0, 0, 0],
						"0.5833": [-15, 0, 0],
						"0.625": [-27.5, 0, 0],
						"0.6667": [2.5, 0, 0],
						"0.7083": [0, 0, 0],
						"0.75": [10.01893, -0.43523, -4.98107],
						"0.7917": [-19.89477, 1.81524, 2.17431],
						"0.8333": [-17.39477, 1.81524, 2.17431],
						"0.875": [-7.18223, 1.44129, 24.20145],
						"0.9167": [12.52792, 3.08892, 16.87868],
						"0.9583": [20.3367, 3.92824, -4.00368],
						"1.0": [-6.80823, -0.46758, 7.70613],
						"1.0417": [8.8838, -3.03258, -14.65963],
						"1.0833": [-5.72866, -1.45094, -24.54166],
						"1.125": [-46.8043, 13.36809, -10.99805],
						"1.1667": [-39.99869, 9.70117, -14.46788],
						"1.2083": [-38.7559, 14.46369, -8.54075],
						"1.25": [-25.0728, 33.52341, 23.9072],
						"1.375": [-18.64971, 30.82217, 12.52465],
						"1.5": [-6.36056, 29.11021, 7.10106],
						"1.7917": [-21.82397, 34.48804, 20.39677],
						"1.8333": [-31.27085, 24.97832, -18.68851],
						"1.875": [-10.86547, 28.91683, -13.99719],
						"1.9167": [15.08564, 34.5037, 2.00875],
						"2.0": [16.71755, 33.81856, 4.9145],
						"2.0833": [-10.62136, 35.94702, -41.15512],
						"2.125": [-14.09653, 34.8757, -47.14865],
						"2.1667": [6.22503, 36.8308, -13.12613],
						"2.2083": [16.71755, 33.81856, 4.9145],
						"2.2917": [16.81506, 16.51348, 45.03822],
						"2.3333": [10.5194, 27.69856, 12.33585],
						"2.375": [21.25994, 31.37315, 13.3338],
						"2.5": [-11.93804, 37.27593, -22.51107],
						"2.5833": [2.46224, 37.20994, -19.37161],
						"2.625": [13.40046, 35.11895, -0.94268]
					},
					"position": {
						"0.0": [0, 9, 0],
						"0.5417": [0, 9, 0],
						"0.5833": [0, -3, 0],
						"0.7083": [0, -3, 0]
					}
				},
				"chain6": {
					"rotation": {
						"0.0": [0, 0, 0],
						"0.5": [0, 0, 0],
						"0.5417": [47.5, 0, 0],
						"0.5833": [22.5, 0, 0],
						"0.625": [10, 0, 0],
						"0.6667": [5, 0, 0],
						"0.7083": [5.05919, -0.54094, -12.48848],
						"0.75": [-27.68599, 0.62762, 20.22045],
						"0.7917": [-16.65518, 6.09906, 18.52768],
						"0.8333": [-15.0395, -9.3393, 8.13517],
						"0.875": [5.48585, -2.41632, -4.34659],
						"0.9167": [8.37608, 0.60836, -26.644],
						"0.9583": [-3.83695, 2.9773, 15.22886],
						"1.0": [20.97322, 1.14616, -25.78623],
						"1.0417": [-7.82651, 11.68122, -6.45207],
						"1.0833": [-39.03181, 9.6796, -21.31499],
						"1.125": [12.16098, 14.0172, -28.93464],
						"1.1667": [-3.02515, 9.37292, -4.08769],
						"1.2083": [3.11424, 8.60504, 3.49786],
						"1.25": [0.61424, 8.60504, 3.49786],
						"1.375": [1.74024, 8.45072, 11.08023],
						"1.5": [-1.49855, 8.35212, 6.02694],
						"1.7917": [4.5575, 7.63745, -4.07266],
						"1.8333": [-2.24267, 8.15432, -16.76296],
						"1.875": [-6.68993, 8.07577, -12.98628],
						"1.9167": [-10.76202, 7.1774, -6.55065],
						"1.9583": [-23.04746, 16.15998, 29.82698],
						"2.0": [15.63469, 8.92927, 3.39342],
						"2.0833": [4.5575, 7.63745, -4.07266],
						"2.125": [-14.73875, 8.93998, 0.80581],
						"2.1667": [-17.07513, 1.98437, -23.33357],
						"2.2083": [-19.67926, 0.51105, -28.11284],
						"2.25": [-29.78239, 8.78904, -3.08842],
						"2.2917": [-8.43475, 12.4156, 7.62802],
						"2.3333": [-2.19975, 11.33855, 1.27795],
						"2.375": [-12.88605, 12.98488, 10.12342],
						"2.5": [-30.4162, 17.48939, 19.42388],
						"2.5833": [-21.31221, -1.56775, -21.92075],
						"2.6667": [-26.07634, 3.96765, -10.70635]
					},
					"position": {
						"0.0": [0, 9, 0],
						"0.5": [0, 9, 0],
						"0.5417": [0, -2, 0],
						"0.5833": [0, 9, 0],
						"0.625": [0, 9, 0],
						"0.6667": [0, -2, 0],
						"1.125": [0, -2, 0],
						"1.1667": [0, 9, 0],
						"1.7917": [0, 9, 0],
						"1.8333": [0, -2, 0]
					}
				},
				"chain7": {
					"rotation": {
						"0.0": [0, 0, 0],
						"0.7917": [0, 0, 0],
						"0.8333": [10, 7.5, 40],
						"0.875": [0, 0, 0],
						"0.9167": [0, 0, 0],
						"0.9583": [0, 0, 0],
						"1.0417": [-15.70962, 67.39587, -62.08568],
						"1.0833": [-23.20962, 67.39587, -62.08568],
						"1.125": [0, 0, 0],
						"1.1667": [-26.87359, 12.46157, -10.58871],
						"1.2083": [0, 0, 0],
						"1.875": [0, 0, 0],
						"1.9167": [-36.29206, 0.81481, -26.9876],
						"1.9583": [6.25503, -0.27338, -17.04673],
						"2.0": [13.68151, -1.45983, -12.18889],
						"2.0417": [-3.48953, -4.83397, 17.41399],
						"2.0833": [21.00762, -2.63578, -7.32595],
						"2.125": [13.81919, -12.35419, -9.70563],
						"2.1667": [12.70134, -13.50181, -4.71238],
						"2.2083": [-5.33703, -16.07082, -13.95966],
						"2.25": [-8.09561, -14.89801, -3.65342],
						"2.2917": [0.61418, -14.34561, -16.97374],
						"2.3333": [-14.44244, -8.8941, 26.41553],
						"2.375": [-12.71159, -11.24754, 16.54318],
						"2.5": [4.74602, -22.46471, 6.69078],
						"2.5833": [-7.64428, -7.61665, 31.30035],
						"2.6667": [-1.39453, -10.68557, -6.57883]
					},
					"position": {
						"0.0": [0, 9, 0],
						"0.7917": [0, 9, 0],
						"0.8333": [0, -3, 0],
						"0.875": [0, 9, 0],
						"0.9167": [0, 9, 0],
						"0.9583": [0, -2, 0],
						"1.0": [0, 3.51, 0],
						"1.0417": [0, -3, 0],
						"1.125": [0, 9, 0],
						"1.1667": [0, -3, 0],
						"1.2083": [0, 9, 0],
						"1.875": [0, 9, 0],
						"1.9167": [0, -3, 0]
					}
				},
				"chain8": {
					"rotation": {
						"0.0": [0, 0, 0],
						"1.9167": [0, 0, 0],
						"1.9583": [0, 0, -27.5],
						"2.0": [-42.0672, 0.7009, -4.06139],
						"2.0417": [-28.11393, -6.35969, 15.02473],
						"2.0833": [-21.10197, 3.21527, 32.61101],
						"2.125": [-6.10197, 3.21527, 32.61101],
						"2.1667": [-6.89427, 0.04266, 5.27986],
						"2.2083": [0.5997, 0.09528, 0.28013],
						"2.25": [0.53095, 0.29465, -19.719],
						"2.2917": [-3.69363, -19.66122, -16.33735],
						"2.3333": [0.69465, -25.43164, -5.01494],
						"2.375": [-7.12751, -16.94475, 13.24297],
						"2.4167": [6.90558, -14.0209, 15.80906],
						"2.5": [-8.09442, -14.0209, 15.80906],
						"2.5833": [6.90558, -14.0209, 15.80906],
						"2.625": [-2.17899, -9.72894, -13.22685],
						"2.6667": [5.82134, -11.30226, -1.9147]
					},
					"position": {
						"0.0": [0, 9, 0],
						"1.9167": [0, 9, 0],
						"1.9583": [0, -3, 0]
					}
				},
				"glass_eye_left": {
					"scale": [1, 1, 1]
				},
				"eye_right": {
					"scale": [1, 1, 1]
				},
				"nose_weed_top3": {
					"rotation": [0, "(math.sin(q.anim_time*90*2-135)*4)", 0]
				},
				"anchor_weed_center": {
					"rotation": ["(math.sin(q.anim_time*90*2-45)*2)", 0, 0]
				},
				"anchor_weed_bottom_left": {
					"rotation": ["(math.sin(q.anim_time*90*2-45)*2)", 0, 0]
				},
				"anchor_weed_bottom_left2": {
					"rotation": ["(math.sin(q.anim_time*90*2-90)*2)", 0, 0]
				},
				"anchor_weed_bottom_right": {
					"rotation": ["(math.sin(q.anim_time*90*2-45)*2)", 0, 0]
				},
				"anchor_weed_left": {
					"rotation": ["(math.sin(q.anim_time*90*2-45)*2)", 0, 0]
				}
			}
		},
		"animation.dhelmise.attack": {
			"loop": true,
			"bones": {
				"body": {
					"rotation": [-22.5, 20, 0],
					"position": [0, 0, 15]
				},
				"pupil_left": {
					"rotation": [0, 0, 50]
				},
				"chain": {
					"rotation": [2.16541, -1.2497, 29.97638]
				},
				"chain2": {
					"rotation": [-25, 0, 0]
				},
				"chain3": {
					"rotation": [-16.93839, 4.46375, 14.33501]
				},
				"chain4": {
					"rotation": [-7.5, 0, 0]
				},
				"chain5": {
					"rotation": [-17.5, 0, 0]
				},
				"chain6": {
					"rotation": [-27.41063, -2.30644, -4.43745]
				},
				"chain7": {
					"rotation": [0, 0, -20]
				},
				"chain8": {
					"rotation": [0, 0, -30]
				},
				"nose_weed_top": {
					"position": [0, -6, 0]
				},
				"nose_weed_top2": {
					"position": [-5, 0, 0]
				},
				"nose_weed_top3": {
					"position": [-6, 0, 0]
				},
				"anchor_nose2": {
					"position": [0, 0, 4]
				},
				"anchor": {
					"rotation": [-22.5, 0, -42.5],
					"position": [-10, 42, -49]
				}
			}
		}
	}
}