{
	"format_version": "1.8.0",
	"animations": {
		"animation.luxio.idle": {
			"loop": true,
			"bones": {
				"ear_right": {
					"rotation": [0, 0, -22.5]
				},
				"ear_left": {
					"rotation": [0, 0, 22.5]
				},
				"cheek_fluff_left": {
					"rotation": [0, 0, 22.5]
				},
				"cheek_fluff_right": {
					"rotation": [0, 0, -22.5]
				},
				"tail": {
					"rotation": [37.5, 0, 0]
				},
				"tail_2": {
					"rotation": [-17.5, 0, 0]
				},
				"tail_3": {
					"rotation": [-32.5, 0, 0]
				},
				"tail_4": {
					"rotation": [-32.5, 0, 0]
				}
			}
		},
		"animation.luxio.sleep": {
			"loop": true,
			"bones": {
				"body": {
					"position": [0, -4, 0]
				},
				"back_leg_right": {
					"rotation": [-90, 45, 0],
					"position": [4, 1, 1]
				},
				"knee_right": {
					"rotation": [90, 0, 0],
					"position": [0, 1, 1]
				},
				"back_paw_right": {
					"position": [0, 1, 0]
				},
				"back_leg_left": {
					"rotation": [-90, 45, 0],
					"position": [4, 1, -3]
				},
				"knee_left": {
					"rotation": [90, 0, 0],
					"position": [0, 1, 1]
				},
				"back_paw_left": {
					"position": [0, 1, 0]
				},
				"front_leg_right": {
					"rotation": [-45, 0, 0]
				},
				"elbow_right": {
					"rotation": [-42.73421, -15.69986, -16.32495]
				},
				"front_paw_right": {
					"rotation": [90, 0, 0]
				},
				"front_leg_left": {
					"rotation": [-47.41981, -31.37238, 1.3824]
				},
				"elbow_left": {
					"rotation": [-42.73421, 15.69986, 16.32495]
				},
				"front_paw_left": {
					"rotation": [90, 0, 0]
				},
				"head": {
					"rotation": [-7.5, -22.5, 0],
					"position": [0, -1.25, -1.25]
				},
				"waist": {
					"rotation": [0, 45, 0]
				},
				"tail": {
					"rotation": [-22.5, 22.5, 0],
					"position": [0, -0.75, 0]
				},
				"tail_2": {
					"rotation": [0, 67.5, 0]
				},
				"tail_3": {
					"rotation": [7.86119, 40.78947, 20.94102]
				},
				"tail_4": {
					"rotation": [0, 22.5, 0]
				},
				"tail_5": {
					"rotation": [22.5, 0, 0]
				},
				"neck": {
					"rotation": [22.5, 0, 0]
				},
				"ear_right": {
					"rotation": [0, 0, -22.5]
				},
				"ear_left": {
					"rotation": [0, 0, 22.5]
				},
				"head_fluff_top": {
					"rotation": [0, 0, -45]
				},
				"eyelid_l": {
					"position": [0, 0, -3]
				},
				"eyelid_r": {
					"position": [0, 0, -2]
				},
				"cheek_fluff_left": {
					"rotation": [0, 22.5, 22.5]
				},
				"cheek_fluff_right": {
					"rotation": [22.5, 0, -22.5]
				},
				"eye_left": {
					"position": [0, 0, 1]
				},
				"eye_right": {
					"position": [0, 0, 1]
				}
			}
		}
	}
}