{
	"format_version": "1.8.0",
	"animations": {
		"animation.aggron.cry": {
			"animation_length": 1.5,
			"bones": {
				"neck": {
					"rotation": {
						"0.0": [0, 0, 0],
						"0.25": [10, 0, 0],
						"1.25": [10, 0, 0],
						"1.5": [0, 0, 0]
					}
				},
				"mouth": {
					"position": {
						"0.0": [0, 0, 0],
						"0.25": [0, -2, 0],
						"1.25": [0, -2, 0],
						"1.5": [0, 0, 0]
					}
				},
				"mouth2": {
					"position": {
						"0.0": [0, 0, 0],
						"0.25": [0, -5, 0],
						"1.25": [0, -5, 0],
						"1.5": [0, 0, 0]
					}
				},
				"jaw": {
					"rotation": {
						"0.0": [0, 0, 0],
						"0.25": [25, 0, 0],
						"1.25": [25, 0, 0],
						"1.5": [0, 0, 0]
					}
				},
				"head": {
					"rotation": {
						"0.0": [0, 0, 0],
						"0.25": [-15, 0, 0],
						"1.25": [-15, 0, 0],
						"1.5": [0, 0, 0]
					}
				},
				"head2": {
					"rotation": {
						"0.0": [0, 0, 0],
						"0.25": [-15, 0, 0],
						"1.25": [-15, 0, 0],
						"1.5": [0, 0, 0]
					}
				},
				"mouth_closed2": {
					"position": {
						"0.25": [0, 0, -0.1],
						"0.3333": [0, 0, 0],
						"1.1667": [0, 0, 0],
						"1.25": [0, 0, -0.1]
					}
				},
				"mouth_open2": {
					"position": {
						"0.0": [0, 0, 0.1],
						"0.25": [0, 0, 0],
						"1.25": [0, 0, 0],
						"1.5": [0, 0, 0.1]
					}
				},
				"head3": {
					"rotation": {
						"0.0": [0, 0, 0],
						"0.25": [-15, 0, 0],
						"1.25": [-15, 0, 0],
						"1.5": [0, 0, 0]
					}
				},
				"mouth_closed3": {
					"position": {
						"0.25": [0, 0, -0.1],
						"0.3333": [0, 0, 0],
						"1.1667": [0, 0, 0],
						"1.25": [0, 0, -0.1]
					}
				},
				"mouth_open3": {
					"position": {
						"0.0": [0, 0, 0.1],
						"0.25": [0, 0, 0],
						"1.25": [0, 0, 0],
						"1.5": [0, 0, 0.1]
					}
				},
				"mouth_closed": {
					"position": {
						"0.25": [0, 0, 0],
						"0.3333": [0, 0, 0.1],
						"1.1667": [0, 0, 0.1],
						"1.25": [0, 0, 0]
					}
				},
				"mouth_open": {
					"position": {
						"0.0": [0, 0, 0],
						"0.25": [0, 0, -0.1],
						"1.25": [0, 0, -0.1],
						"1.5": [0, 0, 0]
					}
				}
			}
		},
		"animation.aggron.ground_idle": {
			"loop": true,
			"bones": {
				"tail": {
					"rotation": [-37.5, 0, 0]
				},
				"tail2": {
					"rotation": [12.5, 0, 0]
				},
				"leg_left": {
					"rotation": [0, -7.5, 0]
				},
				"tail3": {
					"rotation": [20, 0, 0]
				},
				"tail4": {
					"rotation": [17.5, 0, 0]
				},
				"arm_left": {
					"rotation": [0, 0, 37.5]
				},
				"arm_left2": {
					"rotation": [0, 25, 0]
				},
				"hand_left": {
					"rotation": [0, 17.5, 0]
				},
				"finger_left": {
					"rotation": [0, 0, 20]
				},
				"finger_left2": {
					"rotation": [20, 0, 0]
				},
				"finger_left3": {
					"rotation": [0, 0, 20]
				},
				"arm_right": {
					"rotation": [0, 0, -37.5]
				},
				"arm_right2": {
					"rotation": [0, -25, 0]
				},
				"hand_right": {
					"rotation": [0, -17.5, 0]
				},
				"finger_right": {
					"rotation": [0, 0, -20]
				},
				"finger_right2": {
					"rotation": [20, 0, 0]
				},
				"finger_right3": {
					"rotation": [0, 0, -20]
				},
				"leg_right": {
					"rotation": [0, 7.5, 0]
				}
			}
		},
		"animation.aggron.blink": {
			"animation_length": 0.16667,
			"bones": {
				"eyelid_right": {
					"position": {
						"0.0": [-0.1, 0, 0],
						"0.125": [-0.1, 0, 0],
						"0.1667": [0, 0, 0]
					}
				},
				"eyelid_left": {
					"position": {
						"0.0": [0.1, 0, 0],
						"0.125": [0.1, 0, 0],
						"0.1667": [0, 0, 0]
					}
				}
			}
		},
		"animation.aggron.pose": {
			"loop": true,
			"bones": {
				"neck": {
					"rotation": [0, 12.5, 0]
				},
				"head": {
					"rotation": [-12.5, 12.5, 0]
				},
				"jaw": {
					"rotation": [27.5, 0, 0]
				},
				"tail": {
					"rotation": [-5.62598, 10.51794, -6.79286]
				},
				"tail2": {
					"rotation": [17.5, 0, 0]
				},
				"tail3": {
					"rotation": [26.9909, 8.13206, 10.70866]
				},
				"tail4": {
					"rotation": [26.9909, 8.13206, 10.70866]
				},
				"leg_left": {
					"rotation": [-17.5, -27.5, 0]
				},
				"leg_left2": {
					"rotation": [12.5, 0, 0]
				},
				"arm_left": {
					"rotation": [-38.51004, 26.32776, 17.57265]
				},
				"arm_left2": {
					"rotation": [0, 22.5, 0]
				},
				"hand_left": {
					"rotation": [5.41615, 16.66577, 18.29388]
				},
				"arm_right": {
					"rotation": [-38.51004, -26.32776, -17.57265]
				},
				"arm_right2": {
					"rotation": [0, -22.5, 0]
				},
				"hand_right": {
					"rotation": [5.41615, -16.66577, -18.29388]
				},
				"leg_right": {
					"rotation": [-17.5, 27.5, 0]
				},
				"leg_right2": {
					"rotation": [12.5, 0, 0]
				}
			}
		},
		"animation.aggron.pose2": {
			"loop": true,
			"bones": {
				"torso": {
					"rotation": [0, 0, 0]
				},
				"neck": {
					"rotation": [12.60443, 7.32123, 1.63219]
				},
				"head": {
					"rotation": [-22.47365, -1.5216, -1.98385]
				},
				"jaw": {
					"rotation": [32.5, 0, 0]
				},
				"tail": {
					"rotation": [-55.45657, -36.46354, 37.7045]
				},
				"tail2": {
					"rotation": [0, -37.5, 0]
				},
				"tail3": {
					"rotation": [-17.5, -40, 0]
				},
				"tail4": {
					"rotation": [0, -27.5, 0]
				},
				"leg_left": {
					"rotation": [-12.5, -32.5, 0]
				},
				"leg_left2": {
					"rotation": [12.5, 0, 0]
				},
				"arm_left": {
					"rotation": [-18.30071, 15.35537, 28.52794]
				},
				"arm_left2": {
					"rotation": [0, 45, 0]
				},
				"hand_left": {
					"rotation": [-5, 0, 2.5]
				},
				"finger_left": {
					"rotation": [0, -10, 12.5]
				},
				"finger_left2": {
					"rotation": [0, 0, 7.5]
				},
				"finger_left3": {
					"rotation": [0, 15, 27.5]
				},
				"arm_right": {
					"rotation": [-17.76577, -60.86573, -6.47539]
				},
				"leg_right": {
					"rotation": [-15, 32.5, 0],
					"position": [0, 0, -4]
				},
				"leg_right2": {
					"rotation": [12.5, 0, 0]
				},
				"arm_right2": {
					"rotation": [0, -45, 0]
				},
				"hand_right": {
					"rotation": [-85.20436, -36.457, -11.10279]
				},
				"finger_right": {
					"rotation": [0, 10, -12.5]
				},
				"finger_right2": {
					"rotation": [0, 0, -7.5]
				},
				"finger_right3": {
					"rotation": [0, -15, -27.5]
				},
				"torso2": {
					"rotation": [12.5, 0, 0]
				}
			}
		}
	}
}