{
  "implemented": true,
  "name": "Hunterror",
  "nationalPokedexNumber": 2290,
  "primaryType": "water",
  "maleRatio": 0.5,
  "height": 34,
  "weight": 540,
  "pokedex": [
    "cobblemon.species.hunterror.desc"
  ],
  "labels": [
    "cheseian"
  ],
  "aspects": [],
  "abilities": [
    "swiftswim",
    "simple",
    "h:waterveil"
  ],
  "eggGroups": [
    "water_1"
  ],
  "baseStats": {
    "hp": 79,
    "attack": 122,
    "defence": 105,
    "special_attack": 117,
    "special_defence": 75,
    "speed": 72
  },
  "evYield": {
    "hp": 0,
    "attack": 2,
    "defence": 1,
    "special_attack": 0,
    "special_defence": 0,
    "speed": 0
  },
  "baseExperienceYield": 275,
  "experienceGroup": "erratic",
  "catchRate": 20,
  "eggCycles": 20,
  "baseFriendship": 50,
  "baseScale": 1.35,
  "hitbox": {
    "width": 2,
    "height": 0.5,
    "fixed": false
  },
  "behaviour": {
    "moving": {
      "walk": {
        "avoidsLand": true
      },
      "swim": {
        "canBreatheUnderwater": true,
        "canSwimInWater": true,
        "canSwimInLava": false,
        "swimSpeed": "0.2"
      }
    },
    "resting": {
      "canSleep": true,
      "light": "0-4"
    }
  },
  "drops": {
    "amount": 2,
    "entries": [
      {
        "item": "cobblemon:deep_sea_tooth",
        "percentage": 5.0
      },
      {
        "item": "minecraft:cod",
        "quantityRange": "1-5"
      }
    ]
  },
  "moves": [
    "1:whirlpool",
    "1:bite",
    "1:irondefense",
    "1:watergun",
    "1:shellsmash",
    "1:clamp",
    "5:screech",
    "9:scaryface",
    "11:feintattack",
    "14:waterpulse",
    "16:icefang",
    "19:brine",
    "23:suckerpunch",
    "26:dive",
    "29:batonpass",
    "34:crunch",
    "39:aquatail",
    "45:coil",
    "50:hydropump",
    "55:aquajet",
    "egg:aquaring",
    "egg:barrier",
    "egg:mudsport",
    "egg:refresh",
    "egg:supersonic",
    "tm:fireblast",
    "tm:aquatail",
    "tm:batonpass",
    "tm:bind",
    "tm:blizzard",
    "tm:bodyslam",
    "tm:bounce",
    "tm:brine",
    "tm:confuseray",
    "tm:crunch",
    "tm:dive",
    "tm:endure",
    "tm:facade",
    "tm:flipturn",
    "tm:gigaimpact",
    "tm:hail",
    "tm:hydropump",
    "tm:hyperbeam",
    "tm:icebeam",
    "tm:icefang",
    "tm:icywind",
    "tm:infestation",
    "tm:irondefense",
    "tm:muddywater",
    "tm:mudslap",
    "tm:protect",
    "tm:raindance",
    "tm:rest",
    "tm:rocktomb",
    "tm:scald",
    "tm:scaleshot",
    "tm:scaryface",
    "tm:screech",
    "tm:sleeptalk",
    "tm:snatch",
    "tm:substitute",
    "tm:suckerpunch",
    "tm:superfang",
    "tm:surf",
    "tm:terablast",
    "tm:waterfall",
    "tm:waterpulse",
    "tm:whirlpool",
    "tutor:aquatail",
    "tutor:bind",
    "tutor:bounce",
    "tutor:dive",
    "tutor:flipturn",
    "tutor:gigaimpact",
    "tutor:hyperbeam",
    "tutor:icebeam",
    "tutor:icefang",
    "tutor:icywind",
    "tutor:irondefense",
    "tutor:mudslap",
    "tutor:rest",
    "tutor:scaleshot",
    "tutor:sleeptalk",
    "tutor:snatch",
    "tutor:suckerpunch",
    "tutor:superfang",
    "tutor:waterpulse"
  ],
  "preEvolution": "huntail",
  "evolutions": [],
  "forms": [
    {
      "name": "Pink",
      "primaryType": "water",
      "secondaryType": "fairy",
      "maleRatio": 0.25,
      "pokedex": [
        "cobblemon.species.hunterror-pink.desc"
      ],
      "labels": [
        "cheseian"
      ],
      "aspects": [
        "pink"
      ],
      "baseStats": {
        "hp": 79,
        "attack": 117,
        "defence": 72,
        "special_attack": 122,
        "special_defence": 85,
        "speed": 105
      },
      "evYield": {
        "hp": 0,
        "attack": 0,
        "defence": 0,
        "special_attack": 2,
        "special_defence": 1,
        "speed": 0
      },
      "moves": [
        "1:whirlpool",
        "1:bite",
        "1:irondefense",
        "1:watergun",
        "1:shellsmash",
        "1:clamp",
        "5:screech",
        "7:charm",
        "9:heartstamp",
        "11:feintattack",
        "14:waterpulse",
        "16:icefang",
        "18:drainingkiss",
        "19:brine",
        "26:dive",
        "29:batonpass",
        "30:mistyterrain",
        "34:healpulse",
        "37:playrough",
        "38:dazzlinggleam",
        "39:aquatail",
        "40:moonblast",
        "45:coil",
        "48:lifedew",
        "50:hydropump",
        "55:aquajet",
        "egg:aquaring",
        "egg:barrier",
        "egg:mudsport",
        "egg:refresh",
        "egg:supersonic",
        "egg:wish",
        "egg:healpulse",
        "egg:captivate",
        "egg:playrough",
        "tm:fireblast",
        "tm:aquatail",
        "tm:batonpass",
        "tm:bind",
        "tm:blizzard",
        "tm:bodyslam",
        "tm:bounce",
        "tm:brine",
        "tm:confuseray",
        "tm:crunch",
        "tm:dive",
        "tm:endure",
        "tm:flipturn",
        "tm:gigaimpact",
        "tm:hail",
        "tm:hydropump",
        "tm:hyperbeam",
        "tm:icebeam",
        "tm:icefang",
        "tm:icywind",
        "tm:irondefense",
        "tm:muddywater",
        "tm:protect",
        "tm:raindance",
        "tm:rest",
        "tm:rocktomb",
        "tm:scald",
        "tm:scaleshot",
        "tm:scaryface",
        "tm:screech",
        "tm:sleeptalk",
        "tm:snatch",
        "tm:substitute",
        "tm:superfang",
        "tm:surf",
        "tm:terablast",
        "tm:waterfall",
        "tm:waterpulse",
        "tm:whirlpool",
        "tm:dazzlinggleam",
        "tm:calmmind",
        "tm:psychic",
        "tm:storedpower",
        "tm:lightscreen",
        "tm:reflect",
        "tutor:aquatail",
        "tutor:bind",
        "tutor:bounce",
        "tutor:dive",
        "tutor:flipturn",
        "tutor:gigaimpact",
        "tutor:hyperbeam",
        "tutor:icebeam",
        "tutor:icefang",
        "tutor:icywind",
        "tutor:irondefense",
        "tutor:mudslap",
        "tutor:rest",
        "tutor:scaleshot",
        "tutor:sleeptalk",
        "tutor:snatch",
        "tutor:suckerpunch",
        "tutor:superfang",
        "tutor:waterpulse"
      ],
      "preEvolution": "huntail",
      "evolutions": [],
      "battleOnly": false
    }
  ]
}