{
	"format_version": "1.8.0",
	"animations": {
		"animation.rapidash_cheseian.ground_walk": {
			"loop": true,
			"animation_length": 4,
			"bones": {
				"neck": {
					"rotation": ["0.25*Math.sin(query.anim_time*90*2+25)", 0, 0]
				},
				"fire_mane_head": {
					"rotation": {
						"0.0": [0, 0, 0],
						"0.0833": ["-0.25*Math.sin(query.anim_time*90*2+25)", 0, 0]
					}
				},
				"tail": {
					"rotation": ["1.5*Math.sin(query.anim_time*90*2+25)", 0, 0]
				},
				"front_armor_movable": {
					"rotation": ["0.5*Math.sin(query.anim_time*90*2+25)", 0, 0]
				},
				"back_armor_movable": {
					"rotation": ["+0.5*Math.sin(query.anim_time*90*2+25)", 0, 0]
				},
				"leg_front_right": {
					"rotation": ["-1.5*Math.sin(query.anim_time*90*2+25)", 0, 0]
				},
				"leg_front_right2": {
					"rotation": {
						"0.0": [0, 0, 0],
						"1.0": [7.5, 0, 0],
						"2.0": [0, 0, 0],
						"3.0417": [0, 0, 0]
					}
				},
				"leg_front_left": {
					"rotation": ["-2+3.5*Math.sin(query.anim_time*90*2+25)", 0, 0]
				},
				"leg_front_left2": {
					"rotation": {
						"0.0": [0, 0, 0],
						"0.4167": ["2+0*Math.sin(query.anim_time*90)", 0, 0],
						"0.7917": [5, 0, 0],
						"1.5": ["7.5*Math.sin(query.anim_time*90)", 0, 0],
						"2.0": [0, 0, 0]
					}
				},
				"leg_back_right": {
					"rotation": {
						"0.0": ["3.5*Math.sin(query.anim_time*90*2+25)", 0, 0],
						"0.875": ["1.5*Math.sin(query.anim_time*90*2+25)", 0, 0],
						"1.875": ["1.5*Math.sin(query.anim_time*90*2+25)", 0, 0]
					}
				},
				"leg_back_right2": {
					"rotation": {
						"0.875": ["-1+2.5*Math.sin(query.anim_time*90*2+25)", 0, 0],
						"1.875": ["-1+2.5*Math.sin(query.anim_time*90*2+25)", 0, 0]
					}
				},
				"leg_back_left": {
					"rotation": {
						"0.0": ["1-3.5*Math.sin(query.anim_time*90*2+25)", 0, 0],
						"0.875": ["-1.5*Math.sin(query.anim_time*90*2+25)", 0, 0],
						"1.875": ["-1.5*Math.sin(query.anim_time*90*2+25)", 0, 0]
					}
				}
			}
		},
		"animation.rapidash_cheseian.ground_idle": {
			"animation_length": 6,
			"bones": {
				"torso": {
					"rotation": ["0.25*Math.sin(query.anim_time*90)", 0, 0]
				},
				"neck": {
					"rotation": [0, "-5*Math.sin(query.anim_time*90)", 0]
				},
				"head": {
					"rotation": ["1*Math.sin(query.anim_time*90)", 0, 0]
				},
				"jaw": {
					"rotation": ["-1.5*Math.sin(query.anim_time*90*2)", 0, 0]
				},
				"fire_mane_head": {
					"rotation": ["-2*Math.sin(query.anim_time*90)", 0, 0]
				},
				"fire_mane_head2": {
					"rotation": ["0.5*Math.sin(query.anim_time*90)", 0, 0]
				},
				"fire_mane_head_flame": {
					"rotation": ["4*Math.sin(query.anim_time*90)", 0, 0]
				},
				"front_armor_movable": {
					"rotation": ["1*Math.sin(query.anim_time*90)", 0, 0]
				},
				"back_armor_movable": {
					"rotation": ["2*Math.sin(query.anim_time*90)", 0, 0]
				}
			}
		},
		"animation.rapidash_cheseian.faint": {
			"animation_length": 1,
			"bones": {
				"body": {
					"rotation": {
						"0.0": [0, 0, 0],
						"0.5": [3, 0, 90]
					}
				}
			}
		}
	}
}